word1,word2,word3,n,unique_ids
core,program,station,45,9
ble,lter,core,41,9
lter,core,program,41,9
analyzed,pattern,edax,33,1
detector,angular,misfit,33,1
edax,tsl,parameter,33,1
forward,scatter,detector,33,1
identified,diffraction,bands,33,1
pattern,edax,tsl,33,1
phase,scans,signal,33,1
scans,signal,recorded,33,1
scatter,detector,angular,33,1
single,phase,scans,33,1
internal,grain,identification,26,1
prior,quantity,raw,25,1
1.0,northern,hemisphere,24,2
decimal,degrees,note,24,9
ease,grid,1.0,24,2
field,conditions,sampling,24,9
grid,1.0,northern,24,2
hemisphere,epsg,3408,24,2
model,grid,cell,24,2
northern,hemisphere,epsg,24,2
10.1029,2010jf001934,andrews,22,1
2001,doi,10.1029,22,1
2014,doi,10.1038,22,1
al,2001,doi,22,1
al,2014,doi,22,1
al,2018,jgr,22,1
doi,10.1029,2010jf001934,22,1
doi,10.1038,nature13796,22,1
horizontal,velocity,processing,22,1
200m,approximate,error,20,1
cell,coordinates,based,20,2
grid,cell,coordinates,20,2
pmol,mol,1,20,1
prior,quantity,bromine,20,1
quantity,bromine,monoxide,20,1
quantity,raw,measurement,20,1
vertical,column,density,20,1
yyyy,mm,dd,19,11
1,dry,soil,18,1
13c,notation,measured,18,7
carbon,isotope,composition,18,7
delta,13c,notation,18,7
permil,delta,13c,18,7
picarro,cavity,ring,18,7
relevant,text,strings,18,1
spectrometer,crds,g220l,18,7
stable,carbon,isotope,18,7
average,stable,carbon,17,7
program,station,code,17,9
strings,internal,grain,17,1
text,strings,internal,17,1
topographic,survey,instruments,16,2
0,200m,approximate,15,1
ethane,mixing,ratio,15,1
ice,core,sample,15,1
meters,bottom,depth,13,4
river,lagoon,ocean,13,10
ble,lter's,core,12,9
decimal,degrees,longitude,12,5
epsg,3408,longitude,12,2
habitat,type,river,12,9
lter's,core,program,12,9
type,river,lagoon,12,9
validy,8,validy,12,1
15,minute,position,11,1
6,hour,difference,11,1
horizontal,ice,surface,11,1
ice,surface,motion,11,1
ice,velocity,calculation,11,1
moving,6,hour,11,1
station,habitat,type,11,8
sy10,sy14,standard,11,1
sy14,standard,deviation,11,1
velocity,calculation,determined,11,1
361nm,approximate,error,10,1
acetylene,mixing,ratio,10,1
aerosol,optical,thickness,10,1
bromine,monoxide,fraction,10,1
bromine,monoxide,lower,10,1
bromine,monoxide,partial,10,1
column,0,4km,10,1
column,density,approximate,10,1
common,era,ce,10,1
density,approximate,error,10,1
ice,core,site,10,1
lagoon,ocean,ble,10,8
lower,tropospheric,vertical,10,1
meters,gas,age,10,1
mol,1,represents,10,1
monoxide,lower,tropospheric,10,1
monoxide,partial,vertical,10,1
partial,vertical,column,10,1
readme,valid,flag,10,1
reported,ethane,mixing,10,1
retrieval,valid,flag,10,1
sy10,sy14,average,10,1
tropospheric,vertical,column,10,1
ble,lter's,data,9,9
data,package,id,9,9
lter's,data,package,9,9
middle,initial,surname,9,9
ocean,ble,lter,9,7
smt,weather,station,9,1
station,code,date,9,3
al,2005,units,8,1
analysis,system,ghaas,8,2
ble,lter's,research,8,7
code,ble,lter,8,7
collected,yyyy,mm,8,7
core,program,sampling,8,7
date,collected,yyyy,8,7
degree,day,index,8,1
global,hydrologic,archive,8,2
located,ble,lter,8,7
lter's,research,program,8,7
modified,degree,day,8,1
program,sampling,season,8,7
program,station,sampling,8,7
research,program,lagoon,8,7
sampling,season,date,8,7
station,code,ble,8,7
station,sampling,priority,8,7
surface,ablation,rate,8,1
002,64,temperature,7,7
64,temperature,light,7,7
floating,ice,regime,7,1
hobo,pendant,ua,7,7
light,64k,logger,7,7
onset,hobo,pendant,7,7
pendant,ua,002,7,7
season,date,collected,7,6
temperature,light,64k,7,7
ua,002,64,7,7
unknown,attribute,definition,7,1
0,1,taxonomic,6,1
01,data,report,6,1
1,standard,deviation,6,2
1,standard,error,6,4
16,01,data,6,1
1984,wgs84,datum,6,1
active,layer,transient,6,3
agc,16,01,6,1
correct,taxonomic,assignment,6,1
date,yyyy,mm,6,2
depth,database,compiled,6,1
dry,soil,total,6,1
frozen,soil,layer,6,3
geodetic,system,1984,6,1
gravimetric,moisture,content,6,1
horsetails,algae,cover,6,1
layer,transient,layer,6,3
massive,ice,bodies,6,3
massive,ice,body,6,2
quality,control,notes,6,1
survey,instruments,coordinates,6,1
system,1984,wgs84,6,1
world,geodetic,system,6,1
0,200m,aerosol,5,1
0,200m,bro,5,1
0,4km,aerosol,5,1
0,4km,bro,5,1
1,acetylene,mixing,5,1
1,approximate,error,5,1
1,taxonomic,assignment,5,1
10,12,molecule,5,1
12,molecule,cm,5,1
18,00,00,5,1
18,30,00,5,1
18,59,59,5,1
1950,gas,age,5,1
1980,table,6,5,2
200m,2km,bro,5,1
200m,aerosol,retrieval,5,1
200m,bro,retrieval,5,1
200m,bro_vcd_200,bro_ltvcd,5,1
2km,bro,retrieval,5,1
30,00,utc,5,1
4km,aerosol,retrieval,5,1
4km,bro,retrieval,5,1
59,59,utc,5,1
59,utc,buoy,5,1
aer_dof200,0.65,nan,5,1
aerosol,retrieval,valid,5,1
aot361nm,5,nan,5,1
average,mixing,ratio,5,1
background,subtracted,uncalibrated,5,1
bro,layer,valid,5,1
bro,retrieval,lofted,5,1
bro,retrieval,valid,5,1
bro_dof200,0.7,nan,5,1
bro_dofaloft,0.5,nan,5,1
bro_dofs_fine,1.4,nan,5,1
bro_ltvcd,approximate,error,5,1
bro_vcd_200,bro_ltvcd,approximate,5,1
bromine,monoxide,average,5,1
ce,estimated,error,5,1
ce,ethane,mixing,5,1
cm,2,representing,5,1
coarse,layer,200m,5,1
core,site,top,5,1
data,aerosol,optical,5,1
data,analysis,e.g,5,1
data,line,labeled,5,1
deviation,mixing,ratio,5,1
disturbed,vegetation,types,5,1
dofs_fine,1.5,nan,5,1
era,ce,estimated,5,1
era,ce,ethane,5,1
estimated,solubility,depletion,5,1
extinction,0,200m,5,1
freedom,coarse,layer,5,1
ground,level,approximate,5,1
hour's,data,aerosol,5,1
hourly,data,analysis,5,1
human,disturbance,type,5,2
intermediate,layer,based,5,2
iodine,water,cluster,5,1
km,1,approximate,5,1
labeled,18,30,5,1
layer,200m,2km,5,1
layer,valid,flag,5,1
level,approximate,error,5,1
line,labeled,18,5,1
lofted,bro,layer,5,1
lowest,200m,approximate,5,1
lowest,200m,bro_vcd_200,5,1
massive,ice,type,5,2
mixing,ratio,1,5,1
mm,ddthh:mm,hh,5,2
mol,1,acetylene,5,1
mol,1,uncertainty,5,1
mol,ice,core,5,1
molecule,cm,2,5,1
monoxide,average,mixing,5,1
north,buoy,longitude,5,1
percent,rock,cover,5,1
picomol,mol,ice,5,1
prior,quantity,extinction,5,1
prior,quantity,total,5,1
quantity,raw,bromine,5,1
quantity,total,degrees,5,1
ratio,1,standard,5,1
raw,bromine,monoxide,5,1
readme,surface,0,5,1
reported,acetylene,mixing,5,1
retrieval,lofted,bro,5,1
site,top,depth,5,1
solubility,depletion,occurring,5,1
standard,deviation,mixing,5,1
standard,deviation,uncertainty,5,1
subtracted,uncalibrated,cims,5,1
surface,0,200m,5,1
sy14,average,percent,5,1
uncalibrated,cims,signal,5,1
utc,buoy,latitude,5,1
vegetation,type,based,5,2
webber,1980,table,5,2
wet,extraction,method,5,1
yyyy,mm,ddthh:mm,5,2
1,northern,hemisphere,4,2
3408,basin,id,4,2
3408,month,yyyy,4,2
additional,notes,observations,4,1
borehole,depth,top,4,1
coast,coordinates,based,4,2
code,glacial,geology,4,2
coordinate,decimal,degrees,4,1
coordinate,degree,minute,4,1
dead,moss,thickness,4,2
decimal,degrees,date,4,1
degrading,ice,wedges,4,1
dry,soil,run,4,1
ease,grid,version,4,2
epsg,3408,basin,4,2
epsg,3408,month,4,2
esri,default,id,4,1
extraction,method,ice,4,1
field,ble,lter's,4,4
grid,cell,representing,4,2
grid,version,1,4,2
hemisphere,721x721,matrix,4,2
human,disturbance,stability,4,2
hz,background,subtracted,4,1
hz,hz,background,4,1
ibutton,transect,identification,4,1
ice,wedge,degradation,4,1
ice,wedge,melting,4,1
ice,wedges,measurement,4,1
iso8601,yyyy,mm,4,1
low,centered,polygon,4,1
measured,snow,core,4,1
meters,vegetation,type,4,2
method,ice,core,4,1
micro,molars,measured,4,1
microrelief,thaw,depth,4,2
mm,dd,latitude,4,2
moisture,code,glacial,4,2
month,yyyy,mm,4,2
northern,hemisphere,721x721,4,2
organic,material,centimeters,4,2
photo,percent,cover,4,1
pleurocarpous,bryophytes,cover,4,2
plot,elevation,measured,4,2
radio,transmitter,attached,4,1
releves,counted,measured,4,1
site,estimated,duration,4,2
site,moisture,code,4,2
site,parent,material,4,2
site,topographic,position,4,2
site,wind,exposure,4,2
snow,core,measured,4,1
soil,photo,type,4,2
soil,total,nitrogen,4,1
station,code,latitude,4,1
total,organic,carbon,4,1
total,suspended,particles,4,1
version,1,northern,4,2
wedge,degradation,status,4,1
wind,exposure,scale,4,2
yyyy,mm,latitude,4,2
1,km,6,3,2
1,station,2,3,2
1st,akdt,time,3,1
6,unlimited,observer’s,3,2
additional,soil,plot,3,2
air,temperature,regression,3,1
attribute,definition,unknown,3,1
bioclimatic,arctic,subzone,3,1
borehole,sampled,date,3,3
calibrated,95,confidence,3,1
centimeter,soil,horizon,3,2
centimeter,tare,weight,3,1
code,site,moisture,3,1
codes,1,km,3,2
codes,dbo,visibility,3,2
core,drill,depth,3,3
daughter,tiller,1,3,1
daughter,tiller,2,3,1
daughter,tiller,3,3,1
daughter,tiller,4,3,1
daughter,tiller,5,3,1
daughter,tiller,6,3,1
dbo,visibility,codes,3,2
dbo,weather,codes,3,2
dd,hh:mm:ss,times,3,1
ddthh:mm,hh,times,3,1
definition,unknown,attribute,3,1
degrees,celsius,calculated,3,1
degrees,celsius,measured,3,1
degrees,date,time,3,1
entry,1,station,3,2
estimated,hatch,date,3,1
formation,1,standard,3,1
grain,size,phi,3,3
instrument,station,station,3,1
jan,1st,akdt,3,1
km,6,unlimited,3,2
live,horsetails,algae,3,1
massive,ice,thickness,3,2
meters,top,depth,3,3
microsite,code,site,3,1
mm,dd,hh:mm:ss,3,1
mm,dd,yyyy,3,2
nitrite,formation,1,3,1
patterned,ground,features,3,1
plot,bioclimatic,arctic,3,1
plot,sampling,location,3,1
recorded,iso8601,yyyy,3,1
recorded,yyyy,mm,3,1
retranslocation,efficiency,percent,3,1
sample,processing,analysis,3,1
sample,site,elevation,3,1
sampling,site,latitude,3,1
search,3,sighting,3,2
sediment,grain,size,3,3
site,microsite,code,3,1
site,patterned,ground,3,1
size,phi,class,3,3
soil,plot,notes,3,2
soil,survey,staff,3,2
standing,dead,depth,3,1
station,2,position,3,2
station,relative,humidity,3,1
station,sampling,volume,3,1
station,station,code,3,1
surface,geology,type,3,1
surface,sediment,grain,3,3
survey,staff,1975,3,2
sy14,average,student,3,1
time,recorded,iso8601,3,1
time,recorded,yyyy,3,1
u.s,soil,survey,3,2
unique,feature,identification,3,1
unique,object,identifier,3,1
unlimited,observer’s,comments,3,2
vegetation,type,code,3,1
vegetation,types,transect,3,1
visibility,codes,1,3,2
volumetric,moisture,content,3,1
weather,codes,dbo,3,2
weather,station,dew,3,1
weather,station,relative,3,1
weather,station,residual,3,1
wgs84,datum,measured,3,1
wgs84,datum,slope,3,1
100,liters,standard,2,1
1975,dry,soil,2,2
2019,100,12,2,1
2nb,loss,quantum,2,1
3408,date,yyyy,2,2
3408,soil,depth,2,2
5g,wet,soil,2,1
6,methyl,branched,2,1
721x721,matrix,column,2,2
721x721,matrix,latitude,2,2
8,current,speed,2,1
additional,relevant,information,2,2
age,range,upper,2,1
air,temperature,relative,2,1
airport,air,temperature,2,1
al,poor,nutrition,2,1
alaska,ecology,2019,2,1
alaska,geobotany,center,2,2
alaska,native,american,2,1
ammonia,concentration,flag,2,1
ancillary,snowfence,control,2,1
averaged,measured,volume,2,1
barometric,pressure,shortwave,2,1
biological,observatory,dbo,2,1
boil,flat,centered,2,1
borehold,plot,identification,2,1
calibration,run,identifier,2,1
calm,periods,wind,2,1
carbon,dioxide,pco2,2,1
carbon,fraction,isolated,2,1
centered,polygon,low,2,1
centered,polygon,rim,2,1
circumarctic,lake,observation,2,1
column,attribute,definition,2,1
columns,latitude,deg,2,1
columns,longitude,deg,2,1
core,borehold,plot,2,1
core,depth,measured,2,1
core,measured,depth,2,1
core,measured,volume,2,1
core,transect,identification,2,1
core,weight,measured,2,1
counted,measured,snow,2,1
counted,measured,weight,2,1
cryostructures,plot,identification,2,1
ctd,scan,pressure,2,2
ctd,temperature,measurement,2,2
current,heading,adjusted,2,1
current,speed,current,2,1
curve,total,reducing,2,1
data,book,comments,2,1
data,report,elevation,2,1
data,report,longitude,2,1
decimal,degrees,height,2,1
decimal,degrees,species,2,1
degrees,species,pluralis,2,1
depth,basin,id,2,2
depth,derived,speed,2,1
depth,measured,volume,2,1
derived,ble,lter,2,1
diatom,species,counted,2,1
dissolved,organic,carbon,2,2
distributed,biological,observatory,2,1
disturbed,frost,boil,2,1
disturbed,transect,identification,2,1
divergent,tree,growth,2,1
drilling,transect,identification,2,1
dry,soil,chroma,2,2
dry,soil,hue,2,2
dry,soil,phosphate,2,1
ecology,2019,100,2,1
ect9,protocol,ratio,2,1
education,ak,deed,2,1
elemental,carbon,fraction,2,1
epoch,time,approximate,2,1
epsg,3408,date,2,2
epsg,3408,soil,2,2
estimate,dry,mass,2,1
estimated,snow,duration,2,1
fertilized,treatment,npk,2,1
final,paper,2nd,2,1
final,paper,3rd,2,1
final,paper,4th,2,1
flat,centered,polygon,2,1
foxx,weather,station,2,1
free,primary,amines,2,1
frost,boil,flat,2,1
frozen,transient,layer,2,1
fum,tn,tn,2,1
fum,toc,toc,2,1
ghaas,date,yyyy,2,2
gmt,8,ble,2,1
gmt,8,current,2,1
gravel,dry,weight,2,2
ground,air,temperature,2,1
gull,weather,station,2,1
hare,gps,station,2,1
hue,moist,soil,2,2
hydroxyl,radical,scavenger,2,1
ibutton's,height,measurement,2,1
ice,body,based,2,1
ice,code,thickness,2,1
icp,ms,ammonia,2,1
identification,plot,distance,2,1
individual,plant,collection,2,1
individuals,sighted,dbo,2,1
induce,larger,snowdrifts,2,1
information,quality,score,2,1
instrument,detection,limit,2,1
intermediate,layer,thickness,2,2
iodine,mole,fraction,2,1
jar2,weather,station,2,1
katabatic,wind,regime,2,1
kilometers,km2,unique,2,1
km2,unique,id,2,1
lab,dry,soil,2,1
lake,observation,network,2,1
land,surface,height,2,1
larger,snowdrifts,similar,2,1
leucine,curve,total,2,1
level,additional,notes,2,1
liters,standard,deviation,2,1
location,longitude,east,2,1
location,unique,identifier,2,1
logbook,entry,separated,2,1
loss,quantum,yield,2,1
main,ancillary,snowfence,2,1
marine,mammal,sighted,2,1
massive,ice,code,2,1
matter,additional,soil,2,2
measured,distance,measured,2,1
measured,snow,weight,2,1
measurement,location,longitude,2,1
methyl,branched,gdgts,2,1
mg,sugar,equivalents,2,1
mm,dd,row,2,2
mm,dd,time,2,1
moist,soil,chroma,2,2
moist,soil,hue,2,2
ms,ammonia,concentration,2,1
native,american,indian,2,1
nest,book,comments,2,1
nitrate,nitrite,concentration,2,1
nitric,acid,concentration,2,1
nmol,leu,equiv,2,1
north,northward,velocity,2,1
northern,alaska,ecology,2,1
northward,velocity,eastward,2,1
observatory,dbo,regions,2,1
observed,distributed,biological,2,1
organic,matter,additional,2,2
organics,dry,weight,2,2
oscillation,daily,index,2,1
oxygen,sbe,43,2,2
paper,2nd,figure,2,1
paper,3rd,figure,2,1
paper,4th,figure,2,1
peptide,spectral,match,2,1
periods,wind,speed,2,1
phosphate,concentration,flag,2,1
pit,low,centered,2,1
plot,identification,date,2,1
plots,transect,identification,2,1
pluralis,species,code,2,1
polygon,low,centered,2,1
polygon,rim,roadside,2,1
pressure,depth,derived,2,1
pressure,shortwave,radiation,2,1
psm,peptide,spectral,2,1
quantum,yield,figure,2,1
radiation,radiometer,temperature,2,1
range,upper,bound,2,1
relative,humidity,dew,2,1
resin,strip,phosphate,2,1
resin,strip,total,2,1
rim,roadside,berm,2,1
rim,thermokarst,pit,2,1
road,transect,identification,2,1
sample,plots,transect,2,1
sample,site,longitude,2,1
sampling,column,resolution,2,1
sampling,ctd,scan,2,2
sbe,43,ml,2,2
scan,pressure,measured,2,2
scavenge,hydroxyl,radical,2,1
sea,level,additional,2,1
sea,level,measured,2,1
sighted,dbo,region,2,1
sighting,species,code,2,1
silicate,concentration,flag,2,1
silva,database,assignment,2,1
snow,core,borehold,2,1
snow,core,depth,2,1
snow,core,transect,2,1
snow,core,weight,2,1
snow,thaw,depth,2,1
snow,weight,snow,2,1
snowdrifts,similar,trees,2,1
snowfence,control,fertilized,2,1
soil,depth,basin,2,2
soil,hue,moist,2,2
soil,layer,range,2,2
soil,moisture,measured,2,2
soil,temperature,observation,2,1
soil,temperature,standard,2,1
soil,total,organic,2,1
sound,derived,conductivity,2,1
species,pluralis,species,2,1
specimens,observed,distributed,2,1
speed,current,heading,2,1
square,kilometers,basin,2,2
square,kilometers,km2,2,1
staff,1975,dry,2,2
strip,total,free,2,1
student,attendance,rate,2,1
student,graduation,rate,2,1
system,ghaas,basin,2,2
system,ghaas,date,2,2
system,ghaas,latitude,2,2
system,ghaas,note,2,2
t2,standard,deviation,2,1
t2,volumetric,moisture,2,1
table,6,type,2,1
temperature,barometric,pressure,2,1
temperature,relative,humidity,2,1
temperature,standard,error,2,1
thaw,depth,measurements,2,1
thermokarst,pit,low,2,1
thu,airport,air,2,1
time,approximate,flow,2,1
total,carbon,isolated,2,1
total,free,primary,2,1
total,pressure,depth,2,1
total,reducing,sugars,2,1
transect,identification,plot,2,1
treatment,1,5,2,1
treatment,main,ancillary,2,1
treatment,npk,fertilizer,2,1
trimble,additional,notes,2,1
undecomposed,organics,dry,2,2
unique,identifier,assigned,2,2
unique,study,location,2,1
vegetation,types,type,2,1
velocity,eastward,velocity,2,1
volumetric,soil,moisture,2,2
wave,crests,average,2,1
wave,radiation,radiometer,2,1
weather,station,69.415,2,1
weight,measured,snow,2,1
weight,snow,thaw,2,1
wet,mass,applies,2,1
wet,soil,applies,2,1
ws,2,flag,2,2
0.01,gas,transfer,1,1
0.0119,total_head,0.062,1,1
0.062,tarsus,0.1255,1,1
0.1255,wing,0.0766,1,1
0.4623,culmen,0.0119,1,1
08,offset,switch,1,1
1,8,shorthand,1,1
1,sigma,standard,1,1
1,taxonomic,assignments,1,1
10,min,aggregation,1,1
100,identity,class,1,1
100,liters,222,1,1
1417300,www.arcticlakeice.org,calon,1,1
1975,moist,soil,1,1
2011,ice,wedge,1,1
2012,ice,wedge,1,1
2013,ice,wedge,1,1
2014,ice,wedge,1,1
222,radon,measured,1,1
222radon,226,radium,1,1
226,radium,226,1,1
226,radium,measured,1,1
24,hour,sum,1,1
2nb,loss,1,1,1
3,5,measurements,1,1
3,alkenones,ratio,1,1
3,snow,temperature,1,1
36,characters,enclosed,1,1
6,additional,notes,1,1
8,ble,lter,1,1
8,ble,lter's,1,1
8,shorthand,form,1,1
8,total,pressure,1,1
90,degree,elevation,1,1
95,confidence,low,1,1
aarhus,denmark,glass,1,1
abbreviated,filter,sample,1,1
absolute,logger,height,1,1
absorption,spectroscopy,fit,1,1
accelerator,mass,spectrometry,1,1
accession,dated,bone,1,1
accumulated,freezing,degree,1,1
acid,mole,fraction,1,1
acrocarpous,bryophytes,cover,1,1
added,sample,type,1,1
additional,notes,artifact,1,1
aerosol,fraction,field,1,1
aerosol,fraction,sample,1,1
age,organics,id,1,1
age,range,reference,1,1
aggregated,observation,wind,1,1
aggregation,period,air,1,1
aggregation,wind,azimuth,1,1
air,temperature,observation,1,1
air,temperature,sensor,1,1
ak,deed,district,1,1
ak,deed,school,1,1
akdt,time,24,1,1
akdt,time,day,1,1
akdt,time,latitude,1,1
akdt,time,water,1,1
akdt,time,week,1,1
alaska,lake,ice,1,1
alaska,museum,earth,1,1
american,teleconnection,daily,1,1
analysis,abbreviated,filter,1,1
antarctic,oscillation,index,1,1
approximate,flow,rate,1,1
approximate,flow,setting,1,1
arc,1417300,www.arcticlakeice.org,1,1
archives,digital,catalog,1,1
arctic,lake,ice,1,1
arctic,oscillation,daily,1,1
arctic,winter,calculate,1,1
array,station,type,1,1
artifact,found,position,1,1
artifacts,additional,notes,1,1
atlantic,oscillation,daily,1,1
attached,nest,book,1,1
attribute,definition,median,1,1
attribute,definition,minimum,1,1
attribute,definition,notable,1,1
attribute,definition,unique,1,1
average,d18o,willow,1,1
average,retention,rate,1,1
average,student,attendance,1,1
average,student,count,1,1
average,student,enrollment,1,1
average,student,graduation,1,1
average,values,thickness,1,1
average,values,types,1,1
banding,book,comments,1,1
banding,location,comments,1,1
bands,internal,grain,1,1
bare,ground,cover,1,1
basepairs,bp,taxonomic,1,1
benthic,forams,description,1,1
biovolume,calculations,additional,1,1
bird,banding,book,1,1
block,1,notes,1,1
block,2,notes,1,1
block,3,notes,1,1
book,comments,stake,1,1
book,comments,subsample,1,1
book,nest,contents,1,1
borehole,permafrost,table,1,1
boundary,description,additional,1,1
bp,taxonomic,assignment,1,1
brackish,conditions,site,1,1
branched,gdgts,radiocarbon,1,1
branched,gdgts,size,1,1
breakup,river,ice,1,1
c37,3,alkenones,1,1
c37,alkenones,μg,1,1
calculate,cell,abundance,1,1
calculate,concentrations,exotics,1,1
calculate,concentrations,sample,1,1
calculations,additional,notes,1,1
calibration,routine,post,1,1
california,irvine,usa,1,1
calm,periods,absolute,1,1
calm,periods,deviation,1,1
captured,discriminate,function,1,1
carbon,blank,cells,1,1
carbon,cycle,accelerator,1,1
carbon,data,flag,1,1
carbon,method,ppm,1,1
category1,plant,functional,1,1
category2,nitrogen,fixer,1,1
celsius,net,ecosystem,1,1
censor,fate,unknown,1,1
censored,day,found,1,1
center,id,location,1,1
center,standard,deviation,1,1
centimeters,estimated,maximum,1,1
centimeters,tare,weight,1,1
cf,diatoma,vulgaris,1,1
checked,median,median,1,1
chroma,moist,soil,1,1
chroma,volumetric,soil,1,1
citation,information,indicating,1,1
class,generalized,category,1,1
class,level,probability,1,1
class,level,ranges,1,1
class,total,thickness,1,1
classification,criteria,identifies,1,1
cloth,thermal,conductive,1,1
cm,3,snow,1,1
code,date,collected,1,1
code,date,time,1,1
collected,akdt,time,1,1
collected,habitat,type,1,1
collected,hour,data,1,1
collected,site,main,1,1
collected,typically,5,1,1
collected,vegetation,type,1,1
collection,elemental,carbon,1,1
collection,rosette,movement,1,1
colon,separated,list,1,1
colonies,picked,silva,1,1
color,soil,structure,1,1
column,carbon,data,1,1
column,sample,location,1,1
comments,data,book,1,1
comments,dbo,reason,1,1
comments,subsample,correction,1,1
community,lowest,grade,1,1
composition,fragment,size,1,1
compound,type,source,1,1
concentration,ble,lter's,1,1
concentrations,exotics,counted,1,1
concentrations,sample,quantity,1,1
concentrations,sample,size,1,1
confidence,low,calibrated,1,1
consistency,description,soil,1,1
contents,data,sheet,1,1
contributor,citation,information,1,1
coordinate,logger,identification,1,1
coralline,algae,normalized,1,1
corer,jpc,jpc,1,1
cores,collected,typically,1,1
counted,relative,percentage,1,1
cover,percentage,dust,1,1
cover,percentage,gravel,1,1
cover,percentage,rock,1,1
cover,percentage,soil,1,1
cover,percentage,total,1,1
cover,percentage,water,1,1
crests,average,height,1,1
crests,average,length,1,1
crustose,coralline,algae,1,1
cubic,meters,sampling,1,1
culmen,0.0119,total_head,1,1
cultivation,method,sampling,1,1
current,capture,event,1,1
curve,microbial,phosphate,1,1
curves,stefan,equation,1,1
cycle,accelerator,mass,1,1
d18o,willow,celluslose,1,1
daily,index,antarctic,1,1
daily,index,arctic,1,1
daily,index,sea,1,1
data,ble,lter's,1,1
data,flag,nitrogen,1,1
data,report,distance,1,1
data,report,transect,1,1
data,sheet,comments,1,1
data,standard,error,1,1
data,steward,unknown,1,1
date,checked,median,1,1
date,dd,mon,1,1
date,sampling,stop,1,1
date,time,collected,1,1
date,time,format,1,1
dated,subregion,expansion,1,1
dating,relative,percentage,1,1
day,aggregated,observation,1,1
day,found,day,1,1
day,found,empty,1,1
day,found,nest,1,1
day,prior,day,1,1
daylight,savings,time,1,1
days,resin,strips,1,1
dd,mon,multiple,1,1
dd,yyyy,hh:mm,1,1
dd,yyyy,site,1,1
dd,yyyy,text,1,1
ddthh:mm,hh,note,1,1
dead,band,found,1,1
dead,e.g,found,1,1
decimal,degree,latitude,1,1
decimal,degrees,approximate,1,1
decimal,degrees,elevation,1,1
decimal,degrees,time,1,1
deed,district,id,1,1
deed,school,id,1,1
definition,median,elevation,1,1
definition,minimum,elevation,1,1
definition,notable,remarks,1,1
definition,unique,id,1,1
degree,days,fit,1,1
degree,elevation,spectrum,1,1
degrees,approximate,depth,1,1
degrees,celsius,concentration,1,1
degrees,celsius,net,1,1
denmark,glass,microsensors,1,1
deposits,generalized,category,1,1
depth,222radon,226,1,1
depth,measurement,collected,1,1
derived,data,flag,1,1
derived,water,temperature,1,1
description,additional,soil,1,1
description,soil,boundary,1,1
description,soil,texture,1,1
descriptive,navigation,terms,1,1
descriptive,sea,ice,1,1
detection,limit,half,1,1
determine,nest,fate,1,1
determined,volumetric,soil,1,1
differential,optical,absorption,1,1
diffraction,bands,internal,1,1
discriminate,function,score,1,1
dissolved,mercury,concentration,1,1
dissolved,mercury,measurements,1,1
dissolved,mercury,values,1,1
dissolved,oxygen,standard,1,1
district,id,alaska,1,1
disturbance,degree,description,1,1
disturbance,type,description,1,1
doas,differential,optical,1,1
drawn,unknown,attribute,1,1
dry,sediment,isomer,1,1
dry,soil,ammonium,1,1
dry,soil,nitrate,1,1
dunlin,equation,0.4623,1,1
duplicates,ble,lter's,1,1
duration,modifier,degree,1,1
dust,cover,percentage,1,1
e.g,found,dead,1,1
earth,sciences,accession,1,1
eastern,hemisphere,values,1,1
eastward,velocity,ble,1,1
eastward,velocity,data,1,1
ebullition,surveys,commenced,1,1
ec,tc,concentrations,1,1
ecosystem,production,estimated,1,1
ect9,protocol,additional,1,1
ect9,protocol,total,1,1
efficiency,fumigated,soil,1,1
efficiency,percent,mg,1,1
efficient,calculated,based,1,1
eml,element,geographiccoverage,1,1
empty,censor,fate,1,1
empty,day,prior,1,1
empty,estimated,hatch,1,1
empty,tests,benthic,1,1
ephippia,size,range,1,1
equation,0.4623,culmen,1,1
estimated,maximum,ice,1,1
evidence,indicating,hatching,1,1
exact,coordinates,site,1,1
expansion,rates,observed,1,1
exposure,scale,plots,1,1
extraction,efficiency,fumigated,1,1
family,level,probability,1,1
family,level,ranges,1,1
feature,unknown,attribute,1,1
field,habitat,type,1,1
field,identifier,material,1,1
field,identifier,start,1,1
file,si_t4_oc,ec,1,1
filter,feeders,normalized,1,1
filter,sample,id,1,1
final,paper,experiment,1,1
final,paper,identification,1,1
finding,nest,empty,1,1
fixer,status,status,1,1
flag,column,denoting,1,1
flag,column,dissolved_mercury_flag,1,1
flag,indicating,dissolved,1,1
flag,nitrogen,data,1,1
flake,initiation,technician,1,1
flake,type,flake,1,1
flat,ground,comments,1,1
flotation,sample,level,1,1
flow,rate,setting,1,1
flowcam,standard,deviation,1,1
fluorescence,units,rfu,1,1
flux,measurment,units,1,1
foliose,red,algae,1,1
form,categorical,class,1,1
format,mm,dd,1,1
format,yyyy,mm,1,1
found,day,found,1,1
found,dead,band,1,1
found,empty,censor,1,1
found,nest,empty,1,1
fraction,field,identifier,1,1
fraction,sample,id,1,1
fragmental,material,produced,1,1
free,water,metabolism,1,1
freezing,degree,days,1,1
freezing,typically,based,1,1
frequency,unknown,bird,1,1
frequency,unknown,unknown,1,1
fumigated,sample,ug,1,1
fumigated,sample,µg,1,1
functional,category1,plant,1,1
functional,category2,nitrogen,1,1
fungal,otus,operational,1,1
funguild,taxonomic,assignment,1,1
gaining,nutrients,guild,1,1
gdgts,radiocarbon,age,1,1
genus,level,probability,1,1
genus,level,ranges,1,1
geobotany,center,id,1,1
geobotany,center,identification,1,1
geodatabases,unique,identifier,1,1
giant,gravity,corer,1,1
glacial,geology,description,1,1
glass,microsensors,interfaced,1,1
glass,vial,identity,1,1
glucose,curve,date,1,1
glucose,curve,microbial,1,1
gmt,8,speed,1,1
gmt,8,total,1,1
gnis,10,char,1,1
gpr,trace,layer,1,1
grain,size,distribution,1,1
gravel,cover,percentage,1,1
gravity,corer,ggc,1,1
ground,comments,recorded,1,1
ground,surface,unique,1,1
growth,curves,stefan,1,1
growth,rates,calculated,1,1
gut,microbiota,frequency,1,1
habitat,type,pond,1,1
height,transect,identification,1,1
homogenized,soil,sample,1,1
horizon,thickness,summer,1,1
hour,comments,pertaining,1,1
hourly,aggregation,wind,1,1
hourly,data,record,1,1
hue,dry,soil,1,1
human,disturbance,degree,1,1
hydroxyl,radical,molar,1,1
hypobromous,acid,mole,1,1
hz,hz,iodine,1,1
hz,iodine,mole,1,1
ibutton,temperature,logger,1,1
ice,core,measured,1,1
ice,core,type,1,1
ice,covered,surfaces,1,1
ice,damming,noted,1,1
ice,free,ice,1,1
ice,growth,curves,1,1
ice,stations,margin,1,1
ice,system,science,1,1
icp,ms,nitric,1,1
id,alaska,department,1,1
identifier,unique,object,1,1
immune,analysis,frequency,1,1
incl,brackish,conditions,1,1
includes,current,capture,1,1
index,antarctic,oscillation,1,1
index,arctic,oscillation,1,1
index,pacific,north,1,1
index,sea,ice,1,1
indicating,0.2,mm,1,1
indicating,dissolved,mercury,1,1
individual,data,book,1,1
instrument,notes,ble,1,1
instrument,precision,calculated,1,1
instrument,raw,voltage,1,1
integrity,ble,lter's,1,1
intermediate,layer,intermediate,1,1
intermediate,layer,plots,1,1
internal,sensor,ble,1,1
interpretive,flake,type,1,1
iodine,monobromide,mole,1,1
irvine,usa,sample,1,1
iso8601,format,yyyy,1,1
jpc,jpc,pilot,1,1
jpc,pilot,corer,1,1
jumbo,piston,corer,1,1
keck,carbon,cycle,1,1
key,categorical,class,1,1
km,total,mercury,1,1
lab,moist,soil,1,1
lagoon,ocean,identifies,1,1
lagoon,ocean,longitude,1,1
lake,center,multiple,1,1
lake,center,standard,1,1
lake,date,dd,1,1
lake,ebullition,surveys,1,1
lake,ice,system,1,1
lake,river,lagoon,1,1
lake,unique,id,1,1
layer,depth,222radon,1,1
layer,intermediate,layer,1,1
layer,thickness,plots,1,1
length,regression,coefficient,1,1
level,lithic,raw,1,1
life,form,categorical,1,1
liter,dissolved,mercury,1,1
liters,222,radon,1,1
lithic,raw,material,1,1
litter,cover,percentage,1,1
locality,details,estimation,1,1
located,treatment,applied,1,1
location,comments,recorded,1,1
location,eastern,hemisphere,1,1
location,fetch,distance,1,1
location,methane,concentration,1,1
location,ship,speed,1,1
log,transformed,rfu,1,1
logbook,page,image,1,1
logger,additional,notes,1,1
logger,alaska,geobotany,1,1
logger,height,plots,1,1
longitude,min,date,1,1
lost,porewater,volume,1,1
low,calibrated,95,1,1
lowest,grade,offered,1,1
macrofossil,sample,measured,1,1
macrotopography,class,generalized,1,1
main,mesic,hydric,1,1
mass,spectrometry,facility,1,1
maxim,ibutton,temperature,1,1
maximum,ice,thickness,1,1
maximum,shrub,height,1,1
mc,jumbo,piston,1,1
measure,soil,temperatures,1,1
measured,dating,error,1,1
measurement,auger,hole,1,1
measurement,dissolved,organic,1,1
measurement,location,methane,1,1
measurement,location,ship,1,1
measurement,profile,sequence,1,1
measurement,site,id,1,1
measurement,standard,deviation,1,1
measuring,regression,coefficient,1,1
measurment,units,temperature,1,1
median,median,date,1,1
melt,pond,measured,1,1
melt,pond,volume,1,1
meters,average,length,1,1
meters,sampling,stop,1,1
meters,unique,identifier,1,1
method,ppm,precision,1,1
method,sampling,round,1,1
mg,retranslocation,efficiency,1,1
microsite,site,moisture,1,1
microtopography,class,total,1,1
min,aggregation,period,1,1
mineral,soil,texture,1,1
mixed,layer,depth,1,1
mm,dd,flag,1,1
mm,dd,pigment,1,1
modified,hargreaves,equation,1,1
moist,soil,color,1,1
mol,background,subtracted,1,1
mol,hypobromous,acid,1,1
mol,iodine,monobromide,1,1
mon,multiple,dates,1,1
monobromide,mole,fraction,1,1
month,day,date,1,1
mosaic,sar,platform,1,1
mother,tiller,leaf,1,1
mother,tiller,weight,1,1
ms,nitric,acid,1,1
multicolor,mc,jumbo,1,1
multiple,dates,listed,1,1
multiple,individual,filters,1,1
museum,earth,sciences,1,1
mycorrhizal,mycorrhizal,status,1,1
narrative,report,summarizing,1,1
national,archives,digital,1,1
natural,log,transformed,1,1
negative,unique,identifier,1,1
nest,book,nest,1,1
nest,contents,data,1,1
nest,empty,day,1,1
nest,empty,estimated,1,1
net,ecosystem,production,1,1
network,calon,project,1,1
nitrite,concentration,ble,1,1
nitrogen,data,flag,1,1
nitrogen,fixer,status,1,1
north,american,teleconnection,1,1
north,atlantic,oscillation,1,1
north,comments,pertaining,1,1
notes,artifact,found,1,1
notes,ble,lter's,1,1
notes,column,times,1,1
notes,observations,distance,1,1
notes,observations,longitude,1,1
notes,observations,plots,1,1
notes,observations,unique,1,1
nsf,arc,1417300,1,1
nutrient,unit,concentrations,1,1
nutrients,guild,functional,1,1
object,identifier,unique,1,1
observation,network,aliss,1,1
observation,network,calon,1,1
observation,network,project,1,1
observation,wind,azimuth,1,1
observations,nest,book,1,1
observations,unique,code,1,1
observed,fungal,otus,1,1
observer,comments,recorded,1,1
observer’s,comments,dbo,1,1
ocean,18o,notes,1,1
ocean,ble,lter's,1,1
ocean,identifies,freshwater,1,1
operational,taxonomic,unit,1,1
operational,taxonomic,units,1,1
optical,absorption,spectroscopy,1,1
organic,carbon,blank,1,1
organic,carbon,determined,1,1
organic,carbon,fraction,1,1
organic,carbon,method,1,1
organic,horizon,thickness,1,1
organic,scavenger,rate,1,1
organics,id,types,1,1
original,banding,location,1,1
oscillation,index,pacific,1,1
otus,operational,taxonomic,1,1
owl,jaeger,pellet,1,1
oxygen,standard,deviation,1,1
pacific,north,american,1,1
pack,heavy,edge,1,1
paper,experiment,identification,1,1
peptide,identifier,summarizing,1,1
percent,mg,retranslocation,1,1
percent,total,concentration,1,1
percentage,dust,cover,1,1
percentage,gravel,cover,1,1
percentage,rock,cover,1,1
percentage,soil,cover,1,1
percentage,total,cover,1,1
percentage,water,cover,1,1
period,air,temperature,1,1
permafrost,table,based,1,1
photosynthesis,data,standard,1,1
phycoerythrin,concentration,μg,1,1
phylum,level,probability,1,1
phylum,level,ranges,1,1
physical,stability,description,1,1
picked,silva,taxonomy,1,1
pilot,corer,pg,1,1
piston,corer,jpc,1,1
plant,collection,weight,1,1
plant,functional,category1,1,1
plant,functional,category2,1,1
plant,operational,taxonomic,1,1
plant,plant,species,1,1
plant,species,collected,1,1
plant,species,found,1,1
plot,generalized,category,1,1
plot,notes,plots,1,1
plot,notes,site,1,1
plot,t1,10,1,1
plot,t1,100,1,1
plot,t1,200,1,1
plot,t1,25,1,1
plot,t1,5,1,1
plot,t1,50,1,1
plot,t2,10,1,1
plot,t2,100,1,1
plot,t2,200,1,1
plot,t2,25,1,1
plot,t2,5,1,1
plot,t2,50,1,1
plots,plant,functional,1,1
pmol,mol,background,1,1
pmol,mol,hypobromous,1,1
pmol,mol,iodine,1,1
pollen,spore,count,1,1
pond,lake,river,1,1
pore,water,collected,1,1
pore,water,sample,1,1
porewater,volume,data,1,1
position,absolute,logger,1,1
post,retrieval,total,1,1
practical,salinity,scale,1,1
primary,ice,structures,1,1
primary,key,categorical,1,1
primary,key,depth,1,1
primary,source,logbook,1,1
prior,day,prior,1,1
profile,generalized,category,1,1
project,nsf,arc,1,1
protocol,additional,information,1,1
protocol,total,carbon,1,1
publication,dated,material,1,1
publish,study,responsible,1,1
published,data,sar,1,1
purgeable,organic,carbon,1,1
quadrat,located,closest,1,1
radical,molar,concentration,1,1
radiocarbon,age,organics,1,1
radiocarbon,dating,relative,1,1
radiometer,temperature,latitude,1,1
radium,226,radium,1,1
randomly,assigned,sequential,1,1
range,1,sigma,1,1
rare,specimens,comments,1,1
raw,material,presence,1,1
raw,voltage,reading,1,1
recorded,mm,dd,1,1
red,algae,normalized,1,1
reference,site,description,1,1
reference,zenith,90,1,1
relative,fluorescence,units,1,1
relevant,locality,details,1,1
replicate,replication,row,1,1
replicate,replication,soil,1,1
replication,row,8,1,1
replication,soil,organic,1,1
reported,observations,nest,1,1
resighted,individual,data,1,1
resin,strip,ammonium,1,1
resin,strip,nitrate,1,1
respective,proxies,refers,1,1
respective,proxies,resolution,1,1
respective,proxies,tephra,1,1
respiration,flux,measurment,1,1
retrieval,total,pressure,1,1
retrieved,rbr,serial,1,1
rfu,data,plotted,1,1
river,ice,damming,1,1
rock,cover,percentage,1,1
rock,primary,key,1,1
routine,post,retrieval,1,1
row,8,16044,1,1
row,unique,identifier,1,1
rozen,typology,cortex,1,1
run,identifier,datetime,1,1
run,identifier,timestamp,1,1
saline,incl,brackish,1,1
salinity,data,flag,1,1
salinity,scale,conductivity,1,1
sample,collected,site,1,1
sample,collection,elemental,1,1
sample,collection,rosette,1,1
sample,dated,material,1,1
sample,finished,time,1,1
sample,identifier,sample,1,1
sample,integrity,ble,1,1
sample,level,lithic,1,1
sample,location,type,1,1
sample,measured,dating,1,1
sample,rough,latitude,1,1
sample,site,latitude,1,1
sample,size,measurement,1,1
sample,total,organic,1,1
sample,type,rate,1,1
sample,ug,po4,1,1
sample,µg,po4,1,1
sampling,akdt,time,1,1
sampling,array,station,1,1
sampling,column,refers,1,1
sampling,pit,height,1,1
sampling,round,percent,1,1
sampling,scheme,northwest,1,1
sampling,stop,date,1,1
sampling,stop,time,1,1
scavenger,rate,constant,1,1
scheme,northwest,stake,1,1
science,project,nsf,1,1
sciences,accession,dated,1,1
sea,ice,extent,1,1
sea,ice,terms,1,1
seafet,internal,sensor,1,1
sediment,63,µm,1,1
sediment,isomer,ratio,1,1
segment,pollen,spore,1,1
semi,colon,separated,1,1
sensor,ble,lter's,1,1
sheet,comments,data,1,1
si_t4_oc,ec,tc,1,1
sightings,occurred,date,1,1
sigma,standard,deviation,1,1
site,abbreviated,site,1,1
site,estimated,snow,1,1
site,location,identifier,1,1
site,location,information,1,1
site,location,unique,1,1
site,main,mesic,1,1
site,moisture,description,1,1
site,treatment,main,1,1
site,treatment,plot,1,1
siteinfo,table,unique,1,1
sites,0.01,gas,1,1
sites,read,length,1,1
size,distribution,shape,1,1
size,measurement,uncertainty,1,1
size,range,1,1,1
slow,hyperlinks,urls,1,1
snow,cores,collected,1,1
snow,depth,measurement,1,1
snow,duration,description,1,1
snow,duration,modifier,1,1
snow,observation,network,1,1
snowpack,sample,blanks,1,1
soil,boundary,description,1,1
soil,chroma,determined,1,1
soil,chroma,moist,1,1
soil,chroma,volumetric,1,1
soil,color,soil,1,1
soil,consistency,description,1,1
soil,cover,percentage,1,1
soil,dry,weight,1,1
soil,hue,determined,1,1
soil,hue,dry,1,1
soil,measurement,instance,1,1
soil,moisture,description,1,1
soil,organic,horizon,1,1
soil,profile,generalized,1,1
soil,sample,mass,1,1
soil,soil,consistency,1,1
soil,structure,description,1,1
soil,surface,degrees,1,1
soil,tare,weight,1,1
soil,texture,description,1,1
soil,units,description,1,1
sound,derived,ble,1,1
source,logbook,page,1,1
species,cf,diatoma,1,1
species,counted,relative,1,1
species,diploneis,marginestriata,1,1
species,level,probability,1,1
species,level,ranges,1,1
specific,calibration,run,1,1
specific,data,tables,1,1
specimens,comments,included,1,1
square,km,month,1,1
staff,1975,moist,1,1
standard,deviation,elevation,1,1
standard,deviation,sample,1,1
standards,delivery,module,1,1
station,ble,lter's,1,1
station,type,lake,1,1
steward,unknown,attribute,1,1
stop,date,sampling,1,1
stop,time,longitude,1,1
structure,description,gravel,1,1
structure,primary,key,1,1
studied,sites,read,1,1
study,decimal,degree,1,1
study,location,eastern,1,1
study,location,provided,1,1
study,location,unique,1,1
subregion,expansion,rates,1,1
subsample,correction,factor,1,1
summer,warmth,index,1,1
surface,height,transect,1,1
surface,organic,material,1,1
surface,snow,density,1,1
surface,unique,site,1,1
surficial,deposits,generalized,1,1
surficial,geology,description,1,1
surficial,geomorphology,description,1,1
suspension,feeders,normalized,1,1
sy14,average,count,1,1
sy14,average,retention,1,1
synthesis,contact,details,1,1
system,science,project,1,1
t1,standard,deviation,1,1
t1,volumetric,moisture,1,1
t2,average,thickness,1,1
table,6,additional,1,1
table,strings,consisting,1,1
table,unique,identifier,1,1
tare,weight,location,1,1
tare,weight,plots,1,1
target,nutrient,unit,1,1
tarsus,0.1255,wing,1,1
taxonomic,unit,plot,1,1
taxonomic,units,transect,1,1
tc,concentrations,sample,1,1
teleconnection,daily,index,1,1
temperature,ble,lter's,1,1
temperature,latitude,north,1,1
temperature,logger,code,1,1
temperature,logger,notes,1,1
temperature,measured,height,1,1
temperature,measurement,dissolved,1,1
temperature,measurement,standard,1,1
temperature,observation,depth,1,1
tests,benthic,forams,1,1
texture,description,soil,1,1
thermal,alteration,size,1,1
thermal,conductive,heating,1,1
thickness,summer,warmth,1,1
tile,deployment,site,1,1
tiller,1,leaf,1,1
tiller,1,weight,1,1
tiller,2,leaf,1,1
tiller,2,weight,1,1
tiller,3,leaf,1,1
tiller,3,weight,1,1
tiller,4,leaf,1,1
tiller,4,weight,1,1
tiller,5,leaf,1,1
tiller,5,weight,1,1
tiller,6,leaf,1,1
time,24,hour,1,1
time,format,consistency,1,1
time,recorded,mm,1,1
time,water,temperature,1,1
tip,indicating,0.2,1,1
topographic,position,description,1,1
total,1950s,lake,1,1
total,homogenized,soil,1,1
total,lake,expansion,1,1
total,mercury,concentration,1,1
total,water,accumulation,1,1
total_head,0.062,tarsus,1,1
transect,corresponds,directly,1,1
transformed,rfu,data,1,1
trough,unique,sample,1,1
troughs,bare,ground,1,1
type,flake,initiation,1,1
type,lake,river,1,1
type,pond,lake,1,1
type,rate,constant,1,1
types,transect,identification,1,1
typology,cortex,cover,1,1
u.s,national,archives,1,1
underwater,instrument,notes,1,1
unique,identifier,integer,1,1
unique,identifier,linked,1,1
unique,site,location,1,1
uniqueid,zone,identification,1,1
unisense,aarhus,denmark,1,1
unisense,field,multimeter,1,1
unknown,bird,banding,1,1
upland,stations,selected,1,1
uppermost,segment,pollen,1,1
usa,sample,id,1,1
utc,offset,instrument,1,1
utc,water,depth,1,1
utc,water,flow,1,1
vegetated,cover,cover,1,1
vegetation,classification,criteria,1,1
velocity,ble,lter,1,1
velocity,ble,lter's,1,1
velocity,data,flags,1,1
volume,data,ble,1,1
water,body,centers,1,1
water,column,carbon,1,1
water,column,day,1,1
water,column,depth,1,1
water,column,flag,1,1
water,column,ratio,1,1
water,column,sample,1,1
water,column,volume,1,1
water,cover,percentage,1,1
water,flow,direction,1,1
water,sample,collected,1,1
water,temperature,measured,1,1
waves,comments,pertaining,1,1
weather,conditions,logistics,1,1
western,hemisphere,values,1,1
willow,celluslose,amps,1,1
wing,0.0766,final_wt,1,1
winter,calculate,evapotranspiration,1,1
xeric,treatment,main,1,1
yyyy,hh:mm,times,1,1
yyyy,text,location,1,1
zenith,90,degree,1,1
zone,identification,code,1,1
