metadataPID,num_datasets,update_cat
doi:10.18739/A26T0GX06,14,standaloneDOI
doi:10.18739/A2736M31X,6,standaloneDOI
doi:10.18739/A29882N5H,7,standaloneDOI
doi:10.18739/A2NV99B09,5,standaloneDOI
doi:10.18739/A2M61BQ8M,17,standaloneDOI
doi:10.18739/A2PN8XG4B,3,standaloneDOI
doi:10.18739/A2V97ZR7H,153,standaloneDOI
doi:10.18739/A2VM42Z20,19,standaloneDOI
doi:10.18739/A23J3912W,2,standaloneDOI
doi:10.18739/A2028PD2H,1,standaloneDOI
doi:10.18739/A20P0WR0P,19,standaloneDOI
doi:10.18739/A20P0WR15,4,standaloneDOI
doi:10.18739/A20R9M47S,25,standaloneDOI
doi:10.18739/A20R9M42C,26,standaloneDOI
doi:10.18739/A20V89J16,17,standaloneDOI
doi:10.18739/A22B8VC2H,3,standaloneDOI
doi:10.18739/A22F7JR7S,12,standaloneDOI
doi:10.18739/A23775W1C,10,standaloneDOI
doi:10.18739/A2319S316,4,standaloneDOI
doi:10.18739/A27M0409J,3,standaloneDOI
doi:10.18739/A2416T02X,3,standaloneDOI
doi:10.18739/A24J09X6N,94,standaloneDOI
doi:10.18739/A24Q7QP6V,2,standaloneDOI
doi:10.18739/A26688J9Z,1,standaloneDOI
doi:10.18739/A26H4CQ72,5,standaloneDOI
doi:10.18739/A26W9688B,680,standaloneDOI
doi:10.18739/A25717P2B,1,standaloneDOI
doi:10.18739/A2513TW2R,103,standaloneDOI
doi:10.18739/A2599Z26M,17,standaloneDOI
doi:10.18739/A25H7BV1C,6,standaloneDOI
doi:10.18739/A25Q4RM33,14,standaloneDOI
doi:10.18739/A2707WP4N,2,standaloneDOI
doi:10.18739/A27659G5Q,49,standaloneDOI
doi:10.18739/A2804XK1F,2,standaloneDOI
doi:10.18739/A28911R1W,95,standaloneDOI
doi:10.18739/A2862BC0J,1,standaloneDOI
doi:10.18739/A28S4JP6K,35,standaloneDOI
doi:10.18739/A2930NV5G,19,standaloneDOI
doi:10.18739/A29G5GD58,52,standaloneDOI
doi:10.18739/A29P2W65G,68,standaloneDOI
doi:10.18739/A2CN6Z03F,1,standaloneDOI
doi:10.18739/A2CF9J675,3,standaloneDOI
doi:10.18739/A2CZ3253W,1,standaloneDOI
doi:10.18739/A2B853H78,1,standaloneDOI
doi:10.18739/A2B56D46X,2,standaloneDOI
doi:10.18739/A2B56D48W,8,standaloneDOI
doi:10.18739/A2BN9X374,2,standaloneDOI
doi:10.18739/A2C824F2J,2,standaloneDOI
doi:10.18739/A2GM81P42,25,standaloneDOI
doi:10.18739/A2GQ6R27D,1,standaloneDOI
doi:10.18739/A2GQ6R33X,300,standaloneDOI
doi:10.18739/A2GT5FG0B,73,standaloneDOI
doi:10.18739/A2DB7VQ2Q,2,standaloneDOI
doi:10.18739/A2DJ58H0B,2,standaloneDOI
doi:10.18739/A2DF71,142,standaloneDOI
doi:10.18739/A2DR2P85H,1,standaloneDOI
doi:10.18739/A2DZ0320P,3,standaloneDOI
doi:10.18739/A2DV1CN7B,5,standaloneDOI
doi:10.18739/A2FX73Z1F,2,standaloneDOI
doi:10.18739/A2KD1QK3Q,2,standaloneDOI
doi:10.18739/A2H708100,4,standaloneDOI
doi:10.18739/A2H12V769,2,standaloneDOI
doi:10.18739/A2H12V80V,70,standaloneDOI
doi:10.18739/A2HH6C58X,2,standaloneDOI
doi:10.18739/A2HD7NS8N,2,standaloneDOI
doi:10.18739/A2J09W47G,1,standaloneDOI
doi:10.18739/A2J96095Z,3,standaloneDOI
doi:10.18739/A2JM23H02,5,standaloneDOI
doi:10.18739/A2K06X08R,5,standaloneDOI
doi:10.18739/A2K35MF33,64,standaloneDOI
doi:10.18739/A2N00ZT7S,2,standaloneDOI
doi:10.18739/A2N29P63K,2,standaloneDOI
doi:10.18739/A2NS0KX9G,2,standaloneDOI
doi:10.18739/A2NZ80Q43,3,standaloneDOI
doi:10.18739/A2NV99B1S,12,standaloneDOI
doi:10.18739/A2M03XX3M,4,standaloneDOI
doi:10.18739/A2M90236X,5,standaloneDOI
doi:10.18739/A2MG7FW27,1,standaloneDOI
doi:10.18739/A2MP4VP1Z,3,standaloneDOI
doi:10.18739/A2MS3K24P,2,standaloneDOI
doi:10.18739/A2SJ19R94,3,standaloneDOI
doi:10.18739/A2SJ19R18,5,standaloneDOI
doi:10.18739/A2SF2MC1D,1,standaloneDOI
doi:10.18739/A2SX6499X,2,standaloneDOI
doi:10.18739/A2ST7DX28,2,standaloneDOI
doi:10.18739/A2P843W6F,14,standaloneDOI
doi:10.18739/A2P843W9W,2,standaloneDOI
doi:10.18739/A2P26Q39Q,5,standaloneDOI
doi:10.18739/A2PC2T94T,9,standaloneDOI
doi:10.18739/A2R20RW9S,17,standaloneDOI
doi:10.18739/A2RX93D9P,6,standaloneDOI
doi:10.18739/A2Q814S0S,1,standaloneDOI
doi:10.18739/A2WH2DF1F,38,standaloneDOI
doi:10.18739/A2WP9T74J,8,standaloneDOI
doi:10.18739/A2TM72225,9,standaloneDOI
doi:10.18739/A2TB0XV89,1,standaloneDOI
doi:10.18739/A2TD9N813,3,standaloneDOI
doi:10.18739/A2V40JZ6C,8,standaloneDOI
doi:10.18739/A2V698C90,1,standaloneDOI
doi:10.18739/A2VD6P488,2,standaloneDOI
doi:10.18739/A2VD6P54S,1,standaloneDOI
doi:10.18739/A2VQ2S99T,56,standaloneDOI
doi:10.18739/A2W08WG7P,26,standaloneDOI
doi:10.18739/A2W37KW4J,76,standaloneDOI
doi:10.18739/A2W37KW2K,3,standaloneDOI
doi:10.18739/A2X05XD00,10,standaloneDOI
doi:10.18739/A2XG9FB90,44,standaloneDOI
doi:10.18739/A2XK84Q8C,5,standaloneDOI
doi:10.18739/A2XS5JH8K,197,standaloneDOI
doi:10.18739/A2Z02Z80S,2,standaloneDOI
doi:10.18739/A2ZC7RV13,3,standaloneDOI
doi:10.18739/A2ZS2KC8C,2,standaloneDOI
doi:10.18739/A2DF6K36X,6,standaloneDOI
doi:10.18739/A2251FK3B,9,standaloneDOI
doi:10.18739/A2BK16Q5T,28,standaloneDOI
doi:10.18739/A2GB1XH9K,61,standaloneDOI
doi:10.18739/A2M32NB3B,7,standaloneDOI
doi:10.18739/A2P843X00,2,standaloneDOI
doi:10.18739/A2QV3C48N,2,standaloneDOI
doi:10.18739/A23B5W84Q,2,standaloneDOI
doi:10.18739/A23X83M6N,2,standaloneDOI
doi:10.18739/A2057CT2T,2,standaloneDOI
doi:10.18739/A20R9M41W,3,standaloneDOI
doi:10.18739/A22Z12Q6Z,2,standaloneDOI
doi:10.18739/A2154DQ1K,2,standaloneDOI
doi:10.18739/A27P8TD4H,7,standaloneDOI
doi:10.18739/A27P8TF01,2,standaloneDOI
doi:10.18739/A26Q1SJ0B,2,standaloneDOI
doi:10.18739/A2599Z216,9,standaloneDOI
doi:10.18739/A2542J86Z,7,standaloneDOI
doi:10.18739/A2707WP54,2,standaloneDOI
doi:10.18739/A28W3830D,7,standaloneDOI
doi:10.18739/A28W3833V,9,standaloneDOI
doi:10.18739/A2930NW0H,5,standaloneDOI
doi:10.18739/A2CC0TT7F,6,standaloneDOI
doi:10.18739/A2CF9J73P,2,standaloneDOI
doi:10.18739/A2BG2HB4G,2,standaloneDOI
doi:10.18739/A2BK16Q4B,9,standaloneDOI
doi:10.18739/A2BR8MG9Z,2,standaloneDOI
doi:10.18739/A2GH9B946,2,standaloneDOI
doi:10.18739/A2D79598P,2,standaloneDOI
doi:10.18739/A2DN3ZW57,7,standaloneDOI
doi:10.18739/A2DN3ZW76,75,standaloneDOI
doi:10.18739/A2F76670H,6,standaloneDOI
doi:10.18739/A2FB4WM3F,14,standaloneDOI
doi:10.18739/A2FJ29C5J,3,standaloneDOI
doi:10.18739/A2FJ29D4H,31,standaloneDOI
doi:10.18739/A2G737474,1,standaloneDOI
doi:10.18739/A2KW57K0T,1,standaloneDOI
doi:10.18739/A2H41JM84,1,standaloneDOI
doi:10.18739/A2H41JN54,2,standaloneDOI
doi:10.18739/A2HT2GB80,12,standaloneDOI
doi:10.18739/A2J38KJ1W,15,standaloneDOI
doi:10.18739/A2JQ0SV9F,7,standaloneDOI
doi:10.18739/A2K931694,4,standaloneDOI
doi:10.18739/A2K35MD7K,14,standaloneDOI
doi:10.18739/A2N873054,1,standaloneDOI
doi:10.18739/A2M32NB2V,20,standaloneDOI
doi:10.18739/A2MW28F8G,2,standaloneDOI
doi:10.18739/A2SB3WZ63,8,standaloneDOI
doi:10.18739/A2P843W5Z,1,standaloneDOI
doi:10.18739/A2PV6B711,14,standaloneDOI
doi:10.18739/A2RN30827,2,standaloneDOI
doi:10.18739/A2RF5KG0P,21,standaloneDOI
doi:10.18739/A2Q23R13H,4,standaloneDOI
doi:10.18739/A2QN5ZC33,1,standaloneDOI
doi:10.18739/A2QV3C475,3,standaloneDOI
doi:10.18739/A2WD3Q260,2,standaloneDOI
doi:10.18739/A2T14TQ0T,1,standaloneDOI
doi:10.18739/A2TD9N870,1,standaloneDOI
doi:10.18739/A2TT4FT7X,4,standaloneDOI
doi:10.18739/A2VD6P577,1,standaloneDOI
doi:10.18739/A2X34MS1B,24,standaloneDOI
doi:10.18739/A2XS5JH54,1,standaloneDOI
doi:10.18739/A2Z60C249,30,standaloneDOI
doi:10.18739/A2Z60C319,2,standaloneDOI
doi:10.18739/A2ZC7RV6H,48,standaloneDOI
doi:10.18739/A2ZK55N06,2,standaloneDOI
doi:10.18739/A25Q4RM6J,1,standaloneDOI
doi:10.18739/A2348GG12,10,standaloneDOI
doi:10.18739/A2BZ6178M,2,standaloneDOI
doi:10.18739/A2BZ61825,2,standaloneDOI
doi:10.18739/A2C824D80,2,standaloneDOI
doi:10.18739/A2GQ6R21H,2,standaloneDOI
doi:10.18739/A2DB7VQ74,3,standaloneDOI
doi:10.18739/A2FQ9Q52R,4,standaloneDOI
doi:10.18739/A2FX73Z7B,7,standaloneDOI
doi:10.18739/A2KH0DZ5J,1,standaloneDOI
doi:10.18739/A2WD3Q23J,10,standaloneDOI
doi:10.18739/A2V11VK4J,3,standaloneDOI
doi:10.18739/A2VQ2SB5B,9,standaloneDOI
doi:10.18739/A2X921K1X,1,standaloneDOI
doi:10.18739/A20000151,7,standaloneDOI
doi:10.18739/A2CF9J637,11,standaloneDOI
doi:10.18739/A2DZ0322N,58,standaloneDOI
doi:10.18739/A2G44HR3X,60,standaloneDOI
doi:10.18739/A2PG1HN9N,12,standaloneDOI
doi:10.18739/A2PK4R,3,standaloneDOI
doi:10.18739/A2R20RW3W,400,standaloneDOI
doi:10.18739/A26D5PB4R,1,standaloneDOI
doi:10.18739/A2CC0TT40,33,standaloneDOI
doi:10.18739/A2CF9J66P,43,standaloneDOI
doi:10.18739/A22J68504,1,standaloneDOI
doi:10.18739/A21V5BF0Z,21,standaloneDOI
doi:10.18739/A2F18SF5B,8,standaloneDOI
doi:10.18739/A2KP7TS1Q,30,standaloneDOI
doi:10.18739/A2NC5SD2M,1,standaloneDOI
doi:10.18739/A2QF8JK5V,1,standaloneDOI
doi:10.18739/A2X921J5D,4,standaloneDOI
doi:10.18739/A2S46H68Q,7,standaloneDOI
doi:10.18739/A2N873105,1,standaloneDOI
doi:10.18739/A2Q814S37,2,standaloneDOI
doi:10.18739/A2V11VK6H,2,standaloneDOI
doi:10.18739/A20863604,3,standaloneDOI
doi:10.18739/A2183432B,4,standaloneDOI
doi:10.18739/A27S7HS9S,5,standaloneDOI
doi:10.18739/A2416T05C,4,standaloneDOI
doi:10.18739/A2513TW6P,4,standaloneDOI
doi:10.18739/A28S4JQ04,2,standaloneDOI
doi:10.18739/A2CJ87M3J,3,standaloneDOI
doi:10.18739/A2GB1XH7M,4,standaloneDOI
doi:10.18739/A2FB4WM7C,4,standaloneDOI
doi:10.18739/A2H98ZD6T,5,standaloneDOI
doi:10.18739/A2K35MF14,2,standaloneDOI
doi:10.18739/A2N00ZT88,5,standaloneDOI
doi:10.18739/A2M32NB0W,3,standaloneDOI
doi:10.18739/A2PV6B74G,4,standaloneDOI
doi:10.18739/A2RR1PN17,2,standaloneDOI
doi:10.18739/A2QR4NR2G,6,standaloneDOI
doi:10.18739/A2WH2DF6V,4,standaloneDOI
doi:10.18739/A2TH8BN6C,4,standaloneDOI
doi:10.18739/A2VH5CJ54,5,standaloneDOI
doi:10.18739/A2Z892F91,5,standaloneDOI
doi:10.18739/A2QB9V561,1,standaloneDOI
doi:10.18739/A2X34MS0V,103,standaloneDOI
doi:10.18739/A2C53F20Q,2,standaloneDOI
doi:10.18739/A2R20RW89,55,standaloneDOI
doi:10.18739/A2TM7216N,25,standaloneDOI
doi:10.18739/A2V97ZS31,1,standaloneDOI
doi:10.18739/A28911Q99,7,standaloneDOI
doi:10.18739/A2280504J,5,standaloneDOI
urn:uuid:bd090a42-f1f6-4dcf-95d5-5f47544acdec,8,standaloneUUID
urn:uuid:fc2541a0-2669-4f16-aeb6-4022ca56928d,3,standaloneUUID
urn:uuid:bd090a42-f1f6-4dcf-95d5-5f47544acdec,8,standaloneUUID
urn:uuid:fc2541a0-2669-4f16-aeb6-4022ca56928d,3,standaloneUUID
urn:uuid:2c3d353f-9353-45c9-aeb6-d322171d6f78,1,standaloneUUID
urn:uuid:1d74e61a-ad8c-411a-a204-0b9a04ce860c,1,standaloneUUID
urn:uuid:68c94e7d-422f-4b09-8274-25e384cfef09,1,standaloneUUID
urn:uuid:56d1f42c-31d5-49e9-bea9-59a41b8045cd,3,standaloneUUID
urn:uuid:8db1b253-40d2-4ce5-a47a-057dd9ec6adc,1,standaloneUUID
urn:uuid:4a48d82c-5484-442f-85a7-8893a3231ae2,2,standaloneUUID
doi:10.18739/A23J91,287,childDOI
doi:10.18739/A23F90,288,childDOI
doi:10.18739/A23X83M55,10,childDOI
doi:10.18739/A23R7B,288,childDOI
doi:10.18739/A23Z7D,277,childDOI
doi:10.18739/A23V60,284,childDOI
doi:10.18739/A20863623,8,childDOI
doi:10.18739/A20531,284,childDOI
doi:10.18739/A20N94,259,childDOI
doi:10.18739/A20G3GZ6C,68,childDOI
doi:10.18739/A20C1B,297,childDOI
doi:10.18739/A20J8Q,114,childDOI
doi:10.18739/A20J93,313,childDOI
doi:10.18739/A20K01,292,childDOI
doi:10.18739/A20R8S,219,childDOI
doi:10.18739/A2283P,314,childDOI
doi:10.18739/A22240,115,childDOI
doi:10.18739/A2226R,267,childDOI
doi:10.18739/A22541,239,childDOI
doi:10.18739/A2255D,310,childDOI
doi:10.18739/A2251FK97,125,childDOI
doi:10.18739/A2253N,317,childDOI
doi:10.18739/A22G10,247,childDOI
doi:10.18739/A22B9N,282,childDOI
doi:10.18739/A22C1Z,282,childDOI
doi:10.18739/A22J9Q,138,childDOI
doi:10.18739/A22K11,206,childDOI
doi:10.18739/A22Z12Q21,63,childDOI
doi:10.18739/A22V59,233,childDOI
doi:10.18739/A22V6P,238,childDOI
doi:10.18739/A2183C,222,childDOI
doi:10.18739/A2124P,105,childDOI
doi:10.18739/A2154DQ03,2,childDOI
doi:10.18739/A21N7P,125,childDOI
doi:10.18739/A21G09,290,childDOI
doi:10.18739/A21C08,135,childDOI
doi:10.18739/A21J9D,255,childDOI
doi:10.18739/A21R6N152,64,childDOI
doi:10.18739/A21R7Q,152,childDOI
doi:10.18739/A21Z51,164,childDOI
doi:10.18739/A23775W0W,97,childDOI
doi:10.18739/A2382M,310,childDOI
doi:10.18739/A2325P,293,childDOI
doi:10.18739/A2348GH1H,2,childDOI
doi:10.18739/A2354B,295,childDOI
doi:10.18739/A27N99,282,childDOI
doi:10.18739/A27C1H,287,childDOI
doi:10.18739/A27F97,288,childDOI
doi:10.18739/A27P8TD9X,5,childDOI
doi:10.18739/A27Z4H,290,childDOI
doi:10.18739/A27Z7N,221,childDOI
doi:10.18739/A24746R91,66,childDOI
doi:10.18739/A2484P,218,childDOI
doi:10.18739/A24N9C,249,childDOI
doi:10.18739/A24C2Z,259,childDOI
doi:10.18739/A24K08,219,childDOI
doi:10.18739/A24X54H4X,59,childDOI
doi:10.18739/A24Z5Z,208,childDOI
doi:10.18739/A26815,138,childDOI
doi:10.18739/A2625M,314,childDOI
doi:10.18739/A2652H,282,childDOI
doi:10.18739/A2653W,247,childDOI
doi:10.18739/A26N90,238,childDOI
doi:10.18739/A26J8K,200,childDOI
doi:10.18739/A26W9695B,2,childDOI
doi:10.18739/A26Q1SH59,63,childDOI
doi:10.18739/A26V79,283,childDOI
doi:10.18739/A2581V,254,childDOI
doi:10.18739/A25827,264,childDOI
doi:10.18739/A25259,284,childDOI
doi:10.18739/A2523J,154,childDOI
doi:10.18739/A25N89,344,childDOI
doi:10.18739/A25J88,105,childDOI
doi:10.18739/A25D8NF7Z,64,childDOI
doi:10.18739/A25K0K,288,childDOI
doi:10.18739/A25P0M,290,childDOI
doi:10.18739/A25X25D45,104,childDOI
doi:10.18739/A25S0N,267,childDOI
doi:10.18739/A25Z4W,280,childDOI
doi:10.18739/A25V57,318,childDOI
doi:10.18739/A2707WP35,97,childDOI
doi:10.18739/A27837,223,childDOI
doi:10.18739/A2804XK4W,66,childDOI
doi:10.18739/A28G27,249,childDOI
doi:10.18739/A28C1T,288,childDOI
doi:10.18739/A28P5V98P,76,childDOI
doi:10.18739/A28R6H,154,childDOI
doi:10.18739/A28R7W,280,childDOI
doi:10.18739/A28Z56,264,childDOI
doi:10.18739/A28V89,280,childDOI
doi:10.18739/A2925J,254,childDOI
doi:10.18739/A2959C807,64,childDOI
doi:10.18739/A29N8J,317,childDOI
doi:10.18739/A29G0S,344,childDOI
doi:10.18739/A29G2J,235,childDOI
doi:10.18739/A29C14,105,childDOI
doi:10.18739/A29C2H,288,childDOI
doi:10.18739/A29C3W,284,childDOI
doi:10.18739/A29K16,281,childDOI
doi:10.18739/A29P2W68X,8,childDOI
doi:10.18739/A29R5F,154,childDOI
doi:10.18739/A29R8K,314,childDOI
doi:10.18739/A29S0W,285,childDOI
doi:10.18739/A2CN7S,289,childDOI
doi:10.18739/A2CF9J726,81,childDOI
doi:10.18739/A2CR5NC96,66,childDOI
doi:10.18739/A2CR9K,135,childDOI
doi:10.18739/A2B24G,309,childDOI
doi:10.18739/A2BN7G,301,childDOI
doi:10.18739/A2BN9X393,15,childDOI
doi:10.18739/A2BG1G,277,childDOI
doi:10.18739/A2BG2HB0J,42,childDOI
doi:10.18739/A2BC4K,286,childDOI
doi:10.18739/A2BC1F,199,childDOI
doi:10.18739/A2BC3SX4R,432,childDOI
doi:10.18739/A2BR8MG8G,97,childDOI
doi:10.18739/A2BZ4F,223,childDOI
doi:10.18739/A2C80B,284,childDOI
doi:10.18739/A2C24S,287,childDOI
doi:10.18739/A2GH9B93Q,100,childDOI
doi:10.18739/A2GC1P,301,childDOI
doi:10.18739/A2GJ9F,192,childDOI
doi:10.18739/A2GF0MX30,2,childDOI
doi:10.18739/A2GR84,223,childDOI
doi:10.18739/A2GV6D,289,childDOI
doi:10.18739/A2GV9J,291,childDOI
doi:10.18739/A2D26V,211,childDOI
doi:10.18739/A2D56W,285,childDOI
doi:10.18739/A2D53R,249,childDOI
doi:10.18739/A2DJ72,154,childDOI
doi:10.18739/A2DJ9T,285,childDOI
doi:10.18739/A2DF6K42F,93,childDOI
doi:10.18739/A2DF9S,233,childDOI
doi:10.18739/A2DR6R,254,childDOI
doi:10.18739/A2DR74,264,childDOI
doi:10.18739/A2F231,283,childDOI
doi:10.18739/A2F54F,227,childDOI
doi:10.18739/A2F532,344,childDOI
doi:10.18739/A2FK2T,281,childDOI
doi:10.18739/A2FF93,233,childDOI
doi:10.18739/A2FF3M12P,43,childDOI
doi:10.18739/A2FV7G,309,childDOI
doi:10.18739/A2G73744P,42,childDOI
doi:10.18739/A2G24Q,200,childDOI
doi:10.18739/A2G54R,196,childDOI
doi:10.18739/A2KG08,116,childDOI
doi:10.18739/A2KJ9C,309,childDOI
doi:10.18739/A2KV6B,196,childDOI
doi:10.18739/A2H70816W,79,childDOI
doi:10.18739/A2H241,284,childDOI
doi:10.18739/A2H98ZD5B,65,childDOI
doi:10.18739/A2H41JN2P,12,childDOI
doi:10.18739/A2HG0N,135,childDOI
doi:10.18739/A2HC44,199,childDOI
doi:10.18739/A2HC2C,289,childDOI
doi:10.18739/A2HJ9R,138,childDOI
doi:10.18739/A2HK0P,254,childDOI
doi:10.18739/A2HR72,211,childDOI
doi:10.18739/A2HV6Q,243,childDOI
doi:10.18739/A2HV73,290,childDOI
doi:10.18739/A2J831,231,childDOI
doi:10.18739/A2J52M,130,childDOI
doi:10.18739/A2J678X65,33,childDOI
doi:10.18739/A2J678X3Q,42,childDOI
doi:10.18739/A2JG0Z,281,childDOI
doi:10.18739/A2JK00,318,childDOI
doi:10.18739/A2JW03,273,childDOI
doi:10.18739/A2JZ5P,233,childDOI
doi:10.18739/A2JV7D,283,childDOI
doi:10.18739/A2JV8S,290,childDOI
doi:10.18739/A2K06X186,41,childDOI
doi:10.18739/A2K806,255,childDOI
doi:10.18739/A2K539,220,childDOI
doi:10.18739/A2K649T6D,40,childDOI
doi:10.18739/A2N00ZV0V,53,childDOI
doi:10.18739/A2N82K,132,childDOI
doi:10.18739/A2N83Z,135,childDOI
doi:10.18739/A2N261,199,childDOI
doi:10.18739/A2N29P70K,65,childDOI
doi:10.18739/A2N53X,289,childDOI
doi:10.18739/A2NN91,292,childDOI
doi:10.18739/A2NC2M,313,childDOI
doi:10.18739/A2NK0X,152,childDOI
doi:10.18739/A2NZ47,230,childDOI
doi:10.18739/A2NZ80Q62,3,childDOI
doi:10.18739/A2NZ80R0M,21,childDOI
doi:10.18739/A2NV6Z,125,childDOI
doi:10.18739/A2NV99B47,42,childDOI
doi:10.18739/A2M03XX81,42,childDOI
doi:10.18739/A2M25B,190,childDOI
doi:10.18739/A2M90237D,100,childDOI
doi:10.18739/A2M527,145,childDOI
doi:10.18739/A2M53M,301,childDOI
doi:10.18739/A2M61BQ74,183,childDOI
doi:10.18739/A2MC3P,222,childDOI
doi:10.18739/A2MJ9P,289,childDOI
doi:10.18739/A2MF9N,157,childDOI
doi:10.18739/A2MR6M,284,childDOI
doi:10.18739/A2MZ59,230,childDOI
doi:10.18739/A2SN8W,235,childDOI
doi:10.18739/A2SN98,309,childDOI
doi:10.18739/A2SN0147F,42,childDOI
doi:10.18739/A2SG04,164,childDOI
doi:10.18739/A2SG2W,221,childDOI
doi:10.18739/A2SJ97,115,childDOI
doi:10.18739/A2SQ8QJ4C,57,childDOI
doi:10.18739/A2SQ8QJ1X,2,childDOI
doi:10.18739/A2SR8X,208,childDOI
doi:10.18739/A2SZ67,281,childDOI
doi:10.18739/A2SV5T,286,childDOI
doi:10.18739/A2P81H,318,childDOI
doi:10.18739/A2P550,281,childDOI
doi:10.18739/A2P56C,221,childDOI
doi:10.18739/A2PN9B,287,childDOI
doi:10.18739/A2PG1K,102,childDOI
doi:10.18739/A2PG2Z,281,childDOI
doi:10.18739/A2PJ8X,283,childDOI
doi:10.18739/A2PK1M,285,childDOI
doi:10.18739/A2PP08,235,childDOI
doi:10.18739/A2PR7MV27,41,childDOI
doi:10.18739/A2PZ4J,220,childDOI
doi:10.18739/A2PZ51N0V,78,childDOI
doi:10.18739/A2PV5W,320,childDOI
doi:10.18739/A2R83W,289,childDOI
doi:10.18739/A2R246,223,childDOI
doi:10.18739/A2R20RX0W,100,childDOI
doi:10.18739/A2RR8M,280,childDOI
doi:10.18739/A2RR1PN4P,44,childDOI
doi:10.18739/A2RZ45,290,childDOI
doi:10.18739/A2RV8N,199,childDOI
doi:10.18739/A2Q826,117,childDOI
doi:10.18739/A2Q26N,282,childDOI
doi:10.18739/A2Q54X,313,childDOI
doi:10.18739/A2QC27,281,childDOI
doi:10.18739/A2QR4NR10,40,childDOI
doi:10.18739/A2QR7X,190,childDOI
doi:10.18739/A2QR89,293,childDOI
doi:10.18739/A2QZ6M,142,childDOI
doi:10.18739/A2QV6K,297,childDOI
doi:10.18739/A2S82T,152,childDOI
doi:10.18739/A2S24H,132,childDOI
doi:10.18739/A2S25W,192,childDOI
doi:10.18739/A2WG1F,220,childDOI
doi:10.18739/A2WG2T,293,childDOI
doi:10.18739/A2WH2DF8T,82,childDOI
doi:10.18739/A2WK1G,282,childDOI
doi:10.18739/A2WR63,132,childDOI
doi:10.18739/A2WR7G,290,childDOI
doi:10.18739/A2WZ5S,201,childDOI
doi:10.18739/A2T824,281,childDOI
doi:10.18739/A2T24T,318,childDOI
doi:10.18739/A2TN7T,320,childDOI
doi:10.18739/A2TG1T,223,childDOI
doi:10.18739/A2TH8BN5W,41,childDOI
doi:10.18739/A2TC4X,290,childDOI
doi:10.18739/A2TC1S,233,childDOI
doi:10.18739/A2TC25,287,childDOI
doi:10.18739/A2TC3J,243,childDOI
doi:10.18739/A2TK0G,293,childDOI
doi:10.18739/A2TP0H,283,childDOI
doi:10.18739/A2TZ55,116,childDOI
doi:10.18739/A2V244,281,childDOI
doi:10.18739/A2VN74,142,childDOI
doi:10.18739/A2VC13,284,childDOI
doi:10.18739/A2VJ9V,190,childDOI
doi:10.18739/A2VK0S,297,childDOI
doi:10.18739/A2VQ2SB2W,3,childDOI
doi:10.18739/A2VR9X,183,childDOI
doi:10.18739/A2VV76,259,childDOI
doi:10.18739/A2VV8K,221,childDOI
doi:10.18739/A2W24F,219,childDOI
doi:10.18739/A2X856,266,childDOI
doi:10.18739/A2X254,211,childDOI
doi:10.18739/A2X53D,164,childDOI
doi:10.18739/A2XN84,282,childDOI
doi:10.18739/A2XN9H,247,childDOI
doi:10.18739/A2XG9FB6J,3,childDOI
doi:10.18739/A2XG1R,262,childDOI
doi:10.18739/A2XB9D,125,childDOI
doi:10.18739/A2XC0B,115,childDOI
doi:10.18739/A2XC1Q,235,childDOI
doi:10.18739/A2XD0QZ4V,58,childDOI
doi:10.18739/A2XF9F,194,childDOI
doi:10.18739/A2XR6D,138,childDOI
doi:10.18739/A2XR7S,205,childDOI
doi:10.18739/A2XZ6G,281,childDOI
doi:10.18739/A2Z83R,293,childDOI
doi:10.18739/A2Z229,233,childDOI
doi:10.18739/A2Z23P,243,childDOI
doi:10.18739/A2Z543,238,childDOI
doi:10.18739/A2Z60C287,63,childDOI
doi:10.18739/A2ZG0P,208,childDOI
doi:10.18739/A2ZC7RV51,2,childDOI
doi:10.18739/A2ZC0N,320,childDOI
doi:10.18739/A2ZC3S,283,childDOI
doi:10.18739/A2ZK55M8M,65,childDOI
doi:10.18739/A2ZK13,193,childDOI
doi:10.18739/A2ZR73,136,childDOI
doi:10.18739/A2ZZ5D,288,childDOI
doi:10.18739/A2ZV74,281,childDOI
doi:10.18739/A2DJ58H67,1,childDOI
doi:10.18739/A2J960B1G,1,childDOI
doi:10.18739/A2Q814T07,207,childDOI
doi:10.18739/A23N20D4Q,7,childDOI
doi:10.18739/A23N20F45,1,childDOI
doi:10.18739/A23B5W75R,7,childDOI
doi:10.18739/A23F4KN0N,7,childDOI
doi:10.18739/A23X83K5Q,9,childDOI
doi:10.18739/A23X83K3R,7,childDOI
doi:10.18739/A2028PC7G,7,childDOI
doi:10.18739/A2057CR99,7,childDOI
doi:10.18739/A2057CS2C,9,childDOI
doi:10.18739/A20C0Z,162,childDOI
doi:10.18739/A20K26B17,7,childDOI
doi:10.18739/A20K26C25,469,childDOI
doi:10.18739/A20P0WQ64,7,childDOI
doi:10.18739/A22804Z8M,1,childDOI
doi:10.18739/A2222R601,3,childDOI
doi:10.18739/A2251FJ9S,7,childDOI
doi:10.18739/A22N4ZH43,7,childDOI
doi:10.18739/A22N4ZJ13,1,childDOI
doi:10.18739/A22B8VB7G,9,childDOI
doi:10.18739/A22J6848J,9,childDOI
doi:10.18739/A22J6842N,7,childDOI
doi:10.18739/A22Z12P6H,10,childDOI
doi:10.18739/A22V2C917,7,childDOI
doi:10.18739/A2154DN9J,7,childDOI
doi:10.18739/A21N7XM4V,7,childDOI
doi:10.18739/A21N7XN2B,3,childDOI
doi:10.18739/A21J9773W,7,childDOI
doi:10.18739/A21Z41S49,7,childDOI
doi:10.18739/A23775V4C,9,childDOI
doi:10.18739/A2348GG0K,7,childDOI
doi:10.18739/A27P8TC80,7,childDOI
doi:10.18739/A27P8TD0K,9,childDOI
doi:10.18739/A2445HC38,9,childDOI
doi:10.18739/A24B2X46G,7,childDOI
doi:10.18739/A24F1MH9S,7,childDOI
doi:10.18739/A24X54G6F,9,childDOI
doi:10.18739/A2610VR9X,9,childDOI
doi:10.18739/A2610VS20,1,childDOI
doi:10.18739/A2696ZX5H,7,childDOI
doi:10.18739/A26D5PB57,1,childDOI
doi:10.18739/A26W9683X,7,childDOI
doi:10.18739/A26Q1SG9S,9,childDOI
doi:10.18739/A2599Z165,7,childDOI
doi:10.18739/A25M62654,7,childDOI
doi:10.18739/A25Q4RK7K,7,childDOI
doi:10.18739/A25X25C4Q,7,childDOI
doi:10.18739/A25X25C6P,9,childDOI
doi:10.18739/A2707WP16,1,childDOI
doi:10.18739/A2736M200,7,childDOI
doi:10.18739/A27659F39,7,childDOI
doi:10.18739/A2833MZ0T,7,childDOI
doi:10.18739/A2862BB22,7,childDOI
doi:10.18739/A28P5V887,7,childDOI
doi:10.18739/A28S4JP34,9,childDOI
doi:10.18739/A2930NT9Z,7,childDOI
doi:10.18739/A2959C794,3,childDOI
doi:10.18739/A2959C72R,7,childDOI
doi:10.18739/A29K45T3M,1,childDOI
doi:10.18739/A29P2W570,7,childDOI
doi:10.18739/A29P2W602,9,childDOI
doi:10.18739/A29S1KK6T,1,childDOI
doi:10.18739/A29S1KK2W,9,childDOI
doi:10.18739/A29Z90B7W,7,childDOI
doi:10.18739/A2CN6XZ9G,9,childDOI
doi:10.18739/A2CJ84,289,childDOI
doi:10.18739/A2CF9J62R,7,childDOI
doi:10.18739/A2CZ3246W,7,childDOI
doi:10.18739/A2CV4BR35,7,childDOI
doi:10.18739/A2B56D43G,7,childDOI
doi:10.18739/A2BG2H922,7,childDOI
doi:10.18739/A2BZ6176N,7,childDOI
doi:10.18739/A2BV79V4D,7,childDOI
doi:10.18739/A2C53F13Q,7,childDOI
doi:10.18739/A2GM81N72,7,childDOI
doi:10.18739/A2GQ6R201,7,childDOI
doi:10.18739/A2GX44T6N,7,childDOI
doi:10.18739/A2D795957,7,childDOI
doi:10.18739/A2D50FX22,7,childDOI
doi:10.18739/A2DJ58G6S,9,childDOI
doi:10.18739/A2DF6K31H,7,childDOI
doi:10.18739/A2DR2P81K,7,childDOI
doi:10.18739/A2DZ0324M,3,childDOI
doi:10.18739/A2F76666Z,7,childDOI
doi:10.18739/A2FN10R8V,7,childDOI
doi:10.18739/A2FB4WK8D,7,childDOI
doi:10.18739/A2FJ29C61,9,childDOI
doi:10.18739/A2FQ9Q50S,7,childDOI
doi:10.18739/A2FX73X7W,7,childDOI
doi:10.18739/A2G737366,7,childDOI
doi:10.18739/A2G737385,9,childDOI
doi:10.18739/A2G15T992,7,childDOI
doi:10.18739/A2KH0DZ42,7,childDOI
doi:10.18739/A2KD1QK1R,7,childDOI
doi:10.18739/A2H70805Z,7,childDOI
doi:10.18739/A2H98ZD0X,9,childDOI
doi:10.18739/A2HH6C55G,7,childDOI
doi:10.18739/A2HC10,289,childDOI
doi:10.18739/A2HQ3RZ1B,7,childDOI
doi:10.18739/A2HT2GB42,7,childDOI
doi:10.18739/A2J09W403,7,childDOI
doi:10.18739/A2JH3D247,7,childDOI
doi:10.18739/A2JQ0SV8Z,3,childDOI
doi:10.18739/A2K06X10B,7,childDOI
doi:10.18739/A2K931618,9,childDOI
doi:10.18739/A2N00ZT2C,9,childDOI
doi:10.18739/A2N87306M,99,childDOI
doi:10.18739/A2N29P642,9,childDOI
doi:10.18739/A2N23W,289,childDOI
doi:10.18739/A2NG4GR5G,7,childDOI
doi:10.18739/A2NK3647Q,7,childDOI
doi:10.18739/A2NS0KZ50,7,childDOI
doi:10.18739/A2NZ80Q1N,9,childDOI
doi:10.18739/A2M03XW92,7,childDOI
doi:10.18739/A2M03XX24,9,childDOI
doi:10.18739/A2M90229X,7,childDOI
doi:10.18739/A2M32N94C,9,childDOI
doi:10.18739/A2MG7FV57,7,childDOI
doi:10.18739/A2MC8RH2C,950,childDOI
doi:10.18739/A2MK6578Z,7,childDOI
doi:10.18739/A2MW28D7J,7,childDOI
doi:10.18739/A2SN01421,9,childDOI
doi:10.18739/A2SB3WZ1P,7,childDOI
doi:10.18739/A2SF96,162,childDOI
doi:10.18739/A2ST7DW96,9,childDOI
doi:10.18739/A2P843V8Z,7,childDOI
doi:10.18739/A2P26Q35S,9,childDOI
doi:10.18739/A2PG1HN47,7,childDOI
doi:10.18739/A2PR7MT6Q,9,childDOI
doi:10.18739/A2PV6B65H,7,childDOI
doi:10.18739/A2PV6B68Z,9,childDOI
doi:10.18739/A2R785N9C,7,childDOI
doi:10.18739/A2R20RW2D,7,childDOI
doi:10.18739/A2R49G970,854,childDOI
doi:10.18739/A2RN3070T,7,childDOI
doi:10.18739/A2RV5H,112,childDOI
doi:10.18739/A2Q814R9P,7,childDOI
doi:10.18739/A2Q23R032,7,childDOI
doi:10.18739/A2QJ77X8Q,7,childDOI
doi:10.18739/A2S756J84,7,childDOI
doi:10.18739/A2S756K6M,4,childDOI
doi:10.18739/A2S17SS23,7,childDOI
doi:10.18739/A2WM13T38,9,childDOI
doi:10.18739/A2WD3Q14K,7,childDOI
doi:10.18739/A2WW7700R,7,childDOI
doi:10.18739/A2WS8HK7D,7,childDOI
doi:10.18739/A2T14TP3T,7,childDOI
doi:10.18739/A2T43J26J,7,childDOI
doi:10.18739/A2TM7212Q,9,childDOI
doi:10.18739/A2TD9N75K,7,childDOI
doi:10.18739/A2TT4FS60,7,childDOI
doi:10.18739/A2V11VK32,7,childDOI
doi:10.18739/A2VM42X31,9,childDOI
doi:10.18739/A2VJ8G,162,childDOI
doi:10.18739/A2VD6P44B,7,childDOI
doi:10.18739/A2VX06410,731,childDOI
doi:10.18739/A2VT1GP67,7,childDOI
doi:10.18739/A2W08WG28,7,childDOI
doi:10.18739/A2X05XC9W,3,childDOI
doi:10.18739/A2X34MR5T,7,childDOI
doi:10.18739/A2XD0QX5W,9,childDOI
doi:10.18739/A2XK84Q3Z,9,childDOI
doi:10.18739/A2XW47W7Z,1,childDOI
doi:10.18739/A2XW47V9G,7,childDOI
doi:10.18739/A2XS5JG84,7,childDOI
doi:10.18739/A2ZC7RT5K,5,childDOI
doi:10.18739/A2ZC7RT7J,9,childDOI
doi:10.18739/A2ZK55M0R,7,childDOI
doi:10.18739/A2ZK55M2Q,9,childDOI
doi:10.18739/A2ZW18R9Q,7,childDOI
doi:10.18739/A2ZS2KC6D,7,childDOI
doi:10.18739/A26T0GX1P,4,childDOI
doi:10.18739/A27940V43,2,childDOI
doi:10.18739/A2C24QN8V,2,childDOI
doi:10.18739/A2MK6587X,2,childDOI
doi:10.18739/A2RB6W319,2,childDOI
doi:10.18739/A2WS8HM6C,2,childDOI
doi:10.18739/A2ZW18S95,2,childDOI
doi:10.18739/A2GM81P80,220,childDOI
doi:10.18739/A2K06X20S,11,childDOI
doi:10.18739/A23N20F3P,2,childDOI
doi:10.18739/A2ZS2KD6V,8,childDOI
doi:10.18739/A23G4F,12,childDOI
doi:10.18739/A23S1D,3,childDOI
doi:10.18739/A20P2T,12,childDOI
doi:10.18739/A2222R59X,7,childDOI
doi:10.18739/A22Z12P4J,179,childDOI
doi:10.18739/A2154DP90,3,childDOI
doi:10.18739/A21P3H,19,childDOI
doi:10.18739/A27G4P,19,childDOI
doi:10.18739/A27W6763M,1,childDOI
doi:10.18739/A24746S04,1,childDOI
doi:10.18739/A24G4R,15,childDOI
doi:10.18739/A24T6F334,7,childDOI
doi:10.18739/A26D5PB2S,2,childDOI
doi:10.18739/A2599Z254,1,childDOI
doi:10.18739/A25C6S,1,childDOI
doi:10.18739/A25P3R,12,childDOI
doi:10.18739/A25T3G02W,8,childDOI
doi:10.18739/A28P3P,15,childDOI
doi:10.18739/A29882N8Z,8,childDOI
doi:10.18739/A2928P,1,childDOI
doi:10.18739/A29G5GD39,6,childDOI
doi:10.18739/A29K45S73,8,childDOI
doi:10.18739/A2CN6Z06W,1,childDOI
doi:10.18739/A2CC4W,12,childDOI
doi:10.18739/A2CW0J,901,childDOI
doi:10.18739/A2C53F17N,11,childDOI
doi:10.18739/A2GT5FG5R,9,childDOI
doi:10.18739/A2D795976,80,childDOI
doi:10.18739/A2D795B08,1,childDOI
doi:10.18739/A2D50FX7G,2,childDOI
doi:10.18739/A2DB7VQ93,2,childDOI
doi:10.18739/A2DC5K,15,childDOI
doi:10.18739/A2DJ58G59,8,childDOI
doi:10.18739/A2F76668X,62,childDOI
doi:10.18739/A2FB4WM1G,9,childDOI
doi:10.18739/A2FF3M10Q,7,childDOI
doi:10.18739/A2H00T,12,childDOI
doi:10.18739/A2HM52K5S,8,childDOI
doi:10.18739/A2HD7NT1Q,3,childDOI
doi:10.18739/A2HP2G,12,childDOI
doi:10.18739/A2HX15Q8V,25,childDOI
doi:10.18739/A2HT2GB23,139,childDOI
doi:10.18739/A2JD4PQ0G,3,childDOI
doi:10.18739/A2JS9H85P,5,childDOI
doi:10.18739/A2K649T3Z,8,childDOI
doi:10.18739/A2NP1WJ27,7,childDOI
doi:10.18739/A2NS0KX7H,1,childDOI
doi:10.18739/A2NS2R,15,childDOI
doi:10.18739/A2MK6585Z,3,childDOI
doi:10.18739/A2MK2C,12,childDOI
doi:10.18739/A2SG51,12,childDOI
doi:10.18739/A2PZ51M88,8,childDOI
doi:10.18739/A2RG4B,12,childDOI
doi:10.18739/A2S17SS1M,3,childDOI
doi:10.18739/A2T727G6V,31,childDOI
doi:10.18739/A2TM2K,192,childDOI
doi:10.18739/A2TH8BN8B,13,childDOI
doi:10.18739/A2TQ5RF2N,8,childDOI
doi:10.18739/A2W28Z,12,childDOI
doi:10.18739/A2X589,12,childDOI
doi:10.18739/A2X63B59G,736,childDOI
doi:10.18739/A2XW47W31,27,childDOI
doi:10.18739/A2XS5JH16,47,childDOI
doi:10.18739/A2ZK55M4P,50,childDOI
doi:10.18739/A2ZS2KD0Z,2,childDOI
doi:10.18739/A23R0PT4N,4,childDOI
doi:10.18739/A23T9D67T,1,childDOI
doi:10.18739/A23T9D62D,1,childDOI
doi:10.18739/A2028PD5Z,1,childDOI
doi:10.18739/A22N4ZH5K,8,childDOI
doi:10.18739/A21G0HW05,6,childDOI
doi:10.18739/A21J9781C,8,childDOI
doi:10.18739/A21V5BD6D,7,childDOI
doi:10.18739/A27H1DN0C,1,childDOI
doi:10.18739/A27D2Q740,3,childDOI
doi:10.18739/A2639K56N,1,childDOI
doi:10.18739/A26M3342C,1,childDOI
doi:10.18739/A26H4CQ8J,1,childDOI
doi:10.18739/A26P32,4,childDOI
doi:10.18739/A25717P49,6,childDOI
doi:10.18739/A25M62705,6,childDOI
doi:10.18739/A25M62692,3,childDOI
doi:10.18739/A2901ZG82,6,childDOI
doi:10.18739/A2930NV02,1,childDOI
doi:10.18739/A29C6S14X,9,childDOI
doi:10.18739/A2CR5ND28,4,childDOI
doi:10.18739/A2B853J3S,1,childDOI
doi:10.18739/A2C824F31,1,childDOI
doi:10.18739/A2D795B84,16,childDOI
doi:10.18739/A2D21RH94,666,childDOI
doi:10.18739/A2DN3ZW95,6,childDOI
doi:10.18739/A2F47GT8N,8,childDOI
doi:10.18739/A2KS6J50H,1,childDOI
doi:10.18739/A2HD7NT45,6,childDOI
doi:10.18739/A2JD4PQ2F,6,childDOI
doi:10.18739/A2JW86N3K,7,childDOI
doi:10.18739/A2K35MD44,7,childDOI
doi:10.18739/A2K649S9D,2,childDOI
doi:10.18739/A2NC5SB93,1,childDOI
doi:10.18739/A2NC5SD33,6,childDOI
doi:10.18739/A2SX6487H,1,childDOI
doi:10.18739/A2SX64B01,6,childDOI
doi:10.18739/A2PN8XF7B,8,childDOI
doi:10.18739/A2PV6B67G,7,childDOI
doi:10.18739/A2RX93F18,6,childDOI
doi:10.18739/A2RV0D050,1,childDOI
doi:10.18739/A2Q52FD6T,5,childDOI
doi:10.18739/A2WP9T751,6,childDOI
doi:10.18739/A2T14TP7R,5,childDOI
doi:10.18739/A2TH8BM9C,9,childDOI
doi:10.18739/A2TD9N80M,8,childDOI
doi:10.18739/A2TP3N,2,childDOI
doi:10.18739/A2X63B55J,6,childDOI
doi:10.18739/A2XP6V44S,6,childDOI
doi:10.18739/A2XW47W12,3,childDOI
doi:10.18739/A2Z31NP22,7,childDOI
doi:10.18739/A24T6F41M,5,childDOI
doi:10.18739/A22J6846K,9,childDOI
doi:10.18739/A29C6S13F,3,childDOI
doi:10.18739/A29P2W61J,2,childDOI
doi:10.18739/A2F47GT75,3,childDOI
doi:10.18739/A2FF3M05P,2,childDOI
doi:10.18739/A23N20D56,53,childDOI
doi:10.18739/A2058X,3,childDOI
doi:10.18739/A22Z9V,3,childDOI
doi:10.18739/A27D2Q702,22,childDOI
doi:10.18739/A2429H,3,childDOI
doi:10.18739/A26W00,3,childDOI
doi:10.18739/A2BP39,3,childDOI
doi:10.18739/A2C53F146,14,childDOI
doi:10.18739/A2GK4W,3,childDOI
doi:10.18739/A2K586,3,childDOI
doi:10.18739/A2M28G,3,childDOI
doi:10.18739/A2ST7DX5Q,1,childDOI
doi:10.18739/A2QK3P,3,childDOI
doi:10.18739/A2T86N,3,childDOI
doi:10.18739/A2ZG5K,3,childDOI
doi:10.18739/A2ZW18S0T,11,childDOI
doi:10.18739/A2222R58F,998,childDOI
doi:10.18739/A25Q4RM0N,18,childDOI
doi:10.18739/A2833N00P,9,childDOI
doi:10.18739/A2CV4BS43,36,childDOI
doi:10.18739/A2HM52K87,9,childDOI
doi:10.18739/A2N58CM7T,4,childDOI
doi:10.18739/A2X921J4X,465,childDOI
doi:10.18739/A2DR2P88Z,1,childDOI
doi:10.18739/A2X921K3W,1,childDOI
doi:10.18739/A20G3GZ7V,4,childDOI
doi:10.18739/A2GX44V3N,82,childDOI
doi:10.18739/A2KD43,153,childDOI
doi:10.18739/A2VQ2X,275,childDOI
doi:10.18739/A2ZM2T,314,childDOI
doi:10.18739/A2CN6Z10F,2,childDOI
doi:10.18739/A29W09014,1,childDOI
doi:10.18739/A2G15TB62,1,childDOI
doi:10.18739/A2H12V77S,1,childDOI
doi:10.18739/A2PC2T79B,1,childDOI
doi:10.18739/A2QJ77Z5Q,1,childDOI
doi:10.18739/A29K45S2P,56,childDOI
doi:10.18739/A29S1KK98,2,childDOI
doi:10.18739/A2P55DH2N,1,childDOI
doi:10.18739/A25X25C75,3,childDOI
doi:10.18739/A20V89H5P,4,childDOI
doi:10.18739/A2PC2T86B,5,childDOI
doi:10.18739/A2KQ3T,129,childDOI
doi:10.18739/A2J678X46,40,childDOI
doi:10.18739/A2NK3652R,61,childDOI
urn:uuid:c5d13183-0e4f-4008-9492-b53b2cd40a26,5,childUUID
doi:10.18739/A24Q7QR0V,1,parentDOI
doi:10.18739/A20C4SK70,3,parentDOI
doi:10.18739/A26M3340D,3,parentDOI
doi:10.18739/A2F18SG0C,5,parentDOI
doi:10.18739/A2VH5CJ8K,8,parentDOI
doi:10.18739/A24F1MK1T,30,WEIRDDOI
doi:10.18739/A29G5GD77,5,WEIRDDOI
doi:10.18739/A2CZ3259S,90,WEIRDDOI
doi:10.18739/A2BZ6189J,54,WEIRDDOI
doi:10.18739/A2R785Q1D,300,WEIRDDOI
doi:10.18739/A28K74X6T,21,WEIRDDOI
doi:10.18739/A2CJ87K8H,10,WEIRDDOI
doi:10.18739/A23F4KM7K,2,WEIRDDOI
doi:10.18739/A2RF5KF5N,4,WEIRDDOI
doi:10.18739/A20P0WR72,30,WEIRDDOI
doi:10.18739/A2862BC5Z,90,WEIRDDOI
doi:10.18739/A2MG7FW84,300,WEIRDDOI
doi:10.18739/A2VX0642G,300,WEIRDDOI
doi:10.18739/A2MP4VN5F,6,WEIRDDOI
doi:10.18739/A22Z12P9Z,3,WEIRDDOI
doi:10.18739/A21G0HV2P,3,WEIRDDOI
doi:10.18739/A2PK0723G,1,WEIRDDOI
urn:uuid:03605990-ab2e-4f45-ad74-9a9a8aadcf58,8,WEIRDUUID
urn:uuid:18e0ba78-9c6b-4e1a-b102-4cb041f71248,2,WEIRDUUID
urn:uuid:399d4023-325a-4308-93aa-f232f8cb1d54,8,WEIRDUUID
urn:uuid:7c42aa47-679d-4224-8feb-4fbaa8016369,6,WEIRDUUID
urn:uuid:4fb15af1-5077-400e-a0e7-e52366d8b6f7,4,WEIRDUUID
urn:uuid:57894fad-9a1b-43b1-9255-d413b2b3f0b5,4,WEIRDUUID
urn:uuid:5eaf5f6a-6d70-4b6c-8efc-c7b689485d0d,1,WEIRDUUID
urn:uuid:9a4061c3-975e-4a03-bb2c-c5b6ab5b949b,8,WEIRDUUID
urn:uuid:b7d3ec59-a575-449b-a134-e997590ffd62,4,WEIRDUUID
urn:uuid:e91aa052-45e0-43a3-a199-4bbafbd992e5,2,WEIRDUUID
urn:uuid:0b548a56-aff5-48c6-ae8d-0bc94d954ed1,50,WEIRDUUID
urn:uuid:d5243503-9ffe-42e8-b5b1-330edc000cdd,64,WEIRDUUID
urn:uuid:3c55fe83-77a8-4631-8f03-62f49eced59d,4,WEIRDUUID
urn:uuid:2ac51da5-605e-43a1-9749-9bce30af0c5f,5,WEIRDUUID
doi:10.18739/A23B5W786,14,MULTINESTINGDOI
doi:10.18739/A23B5W82R,1,MULTINESTINGDOI
doi:10.18739/A23J39198,347,MULTINESTINGDOI
doi:10.18739/A23R0PT8K,108,MULTINESTINGDOI
doi:10.18739/A23R0PT2P,13,MULTINESTINGDOI
doi:10.18739/A2000012K,282,MULTINESTINGDOI
doi:10.18739/A20P0WQ9K,13,MULTINESTINGDOI
doi:10.18739/A22Z12Q3H,730,MULTINESTINGDOI
doi:10.18739/A21N7XM2W,514,MULTINESTINGDOI
doi:10.18739/A21N7XN49,349,MULTINESTINGDOI
doi:10.18739/A23775V7T,1,MULTINESTINGDOI
doi:10.18739/A24J09X8M,368,MULTINESTINGDOI
doi:10.18739/A24F1MJ97,96,MULTINESTINGDOI
doi:10.18739/A24F1MJ3B,14,MULTINESTINGDOI
doi:10.18739/A26H4CQ53,12,MULTINESTINGDOI
doi:10.18739/A26H4CR1M,183,MULTINESTINGDOI
doi:10.18739/A26D5PB76,361,MULTINESTINGDOI
doi:10.18739/A26D5PB19,12,MULTINESTINGDOI
doi:10.18739/A26Q1SH6S,718,MULTINESTINGDOI
doi:10.18739/A25717P1V,364,MULTINESTINGDOI
doi:10.18739/A25D8ND61,534,MULTINESTINGDOI
doi:10.18739/A25D8NF8F,366,MULTINESTINGDOI
doi:10.18739/A25D8NF2J,14,MULTINESTINGDOI
doi:10.18739/A2707WN9M,28,MULTINESTINGDOI
doi:10.18739/A2736M18D,4,MULTINESTINGDOI
doi:10.18739/A27659G3R,355,MULTINESTINGDOI
doi:10.18739/A2828C,624,MULTINESTINGDOI
doi:10.18739/A2862BB7G,13,MULTINESTINGDOI
doi:10.18739/A2CZ3250F,12,MULTINESTINGDOI
doi:10.18739/A2BZ6187K,91,MULTINESTINGDOI
doi:10.18739/A2F18SF3C,14,MULTINESTINGDOI
doi:10.18739/A2FJ29D12,1,MULTINESTINGDOI
doi:10.18739/A2G15TB3M,12,MULTINESTINGDOI
doi:10.18739/A2KH0F03F,91,MULTINESTINGDOI
doi:10.18739/A2KK94C85,365,MULTINESTINGDOI
doi:10.18739/A2KS6J47F,13,MULTINESTINGDOI
doi:10.18739/A2KS6J52G,341,MULTINESTINGDOI
doi:10.18739/A2H12V79R,361,MULTINESTINGDOI
doi:10.18739/A2HT2GB7H,12,MULTINESTINGDOI
doi:10.18739/A2JM23G13,120,MULTINESTINGDOI
doi:10.18739/A2JW86N61,436,MULTINESTINGDOI
doi:10.18739/A2JS9H776,16,MULTINESTINGDOI
doi:10.18739/A2K931656,1,MULTINESTINGDOI
doi:10.18739/A2NC5SD0N,194,MULTINESTINGDOI
doi:10.18739/A2NC64,901,MULTINESTINGDOI
doi:10.18739/A2NK36518,14,MULTINESTINGDOI
doi:10.18739/A2MC8RH0D,91,MULTINESTINGDOI
doi:10.18739/A2MS3K17P,10,MULTINESTINGDOI
doi:10.18739/A2PC2T85V,38,MULTINESTINGDOI
doi:10.18739/A2PC2T81X,1,MULTINESTINGDOI
doi:10.18739/A2R49G89H,11,MULTINESTINGDOI
doi:10.18739/A2R49G94J,236,MULTINESTINGDOI
doi:10.18739/A2Q23R08G,1,MULTINESTINGDOI
doi:10.18739/A2QB9V62J,63,MULTINESTINGDOI
doi:10.18739/A2QJ77Z1S,10,MULTINESTINGDOI
doi:10.18739/A2S46H658,321,MULTINESTINGDOI
doi:10.18739/A2T43J290,23,MULTINESTINGDOI
doi:10.18739/A2TT4FT4G,1,MULTINESTINGDOI
doi:10.18739/A2V698C6J,104,MULTINESTINGDOI
doi:10.18739/A2VD6P558,370,MULTINESTINGDOI
doi:10.18739/A2VX0639D,117,MULTINESTINGDOI
doi:10.18739/A2VX0633H,11,MULTINESTINGDOI
doi:10.18739/A2W66988R,361,MULTINESTINGDOI
doi:10.18739/A2ZG6G72V,1,MULTINESTINGDOI
doi:10.18739/A2ZK55M74,1,MULTINESTINGDOI
doi:10.18739/A2TX35587,2,MULTINESTINGDOI
doi:10.18739/A2XD0QX2F,7,MULTINESTINGDOI
doi:10.18739/A2XS5JG5P,6,MULTINESTINGDOI
doi:10.18739/A2ZP3W02M,2,MULTINESTINGDOI
doi:10.18739/A20V89H7N,73,MULTINESTINGDOI
doi:10.18739/A22664,337,MULTINESTINGDOI
doi:10.18739/A2396G,320,MULTINESTINGDOI
doi:10.18739/A27W9Q,357,MULTINESTINGDOI
doi:10.18739/A24674,175,MULTINESTINGDOI
doi:10.18739/A24M91B2W,59,MULTINESTINGDOI
doi:10.18739/A29W9B,344,MULTINESTINGDOI
doi:10.18739/A2CQ2K,359,MULTINESTINGDOI
doi:10.18739/A2BT1X,364,MULTINESTINGDOI
doi:10.18739/A2GM3V,306,MULTINESTINGDOI
doi:10.18739/A2FM25,360,MULTINESTINGDOI
doi:10.18739/A23F4KN90,91,tooLongToLoadDOI
doi:10.18739/A23X83M2Q,387,tooLongToLoadDOI
doi:10.18739/A2057CS9R,392,tooLongToLoadDOI
doi:10.18739/A20P0WR53,719,tooLongToLoadDOI
doi:10.18739/A20R9M45T,362,tooLongToLoadDOI
doi:10.18739/A20Z70X4H,733,tooLongToLoadDOI
doi:10.18739/A22N4ZJ4J,261,tooLongToLoadDOI
doi:10.18739/A22R3NX6C,368,tooLongToLoadDOI
doi:10.18739/A21G0HV73,343,tooLongToLoadDOI
doi:10.18739/A21Z41T4R,704,tooLongToLoadDOI
doi:10.18739/A27H1DN2B,325,tooLongToLoadDOI
doi:10.18739/A24Q7QQ88,720,tooLongToLoadDOI
doi:10.18739/A25Q4RM71,692,tooLongToLoadDOI
doi:10.18739/A27940V24,171,tooLongToLoadDOI
doi:10.18739/A28911R3V,208,tooLongToLoadDOI
doi:10.18739/A2862BC30,383,tooLongToLoadDOI
doi:10.18739/A28G8FJ21,733,tooLongToLoadDOI
doi:10.18739/A2901ZG63,356,tooLongToLoadDOI
doi:10.18739/A2959C81Q,359,tooLongToLoadDOI
doi:10.18739/A29G5GF09,716,tooLongToLoadDOI
doi:10.18739/A29Z90C6V,390,tooLongToLoadDOI
doi:10.18739/A2CZ3256B,90,tooLongToLoadDOI
doi:10.18739/A2B853J5R,361,tooLongToLoadDOI
doi:10.18739/A2B27PR74,215,tooLongToLoadDOI
doi:10.18739/A2B27PR93,181,tooLongToLoadDOI
doi:10.18739/A2BN9X32Q,750,tooLongToLoadDOI
doi:10.18739/A2BC3SX8P,711,tooLongToLoadDOI
doi:10.18739/A2C824F6G,364,tooLongToLoadDOI
doi:10.18739/A2C24QN7C,350,tooLongToLoadDOI
doi:10.18739/A2GQ6R30G,352,tooLongToLoadDOI
doi:10.18739/A2GT5FG29,378,tooLongToLoadDOI
doi:10.18739/A2D795B5P,722,tooLongToLoadDOI
doi:10.18739/A2D21RJ83,339,tooLongToLoadDOI
doi:10.18739/A2D55H,427,tooLongToLoadDOI
doi:10.18739/A2DR2P90J,710,tooLongToLoadDOI
doi:10.18739/A2DV1CP3V,365,tooLongToLoadDOI
doi:10.18739/A2F47GV26,728,tooLongToLoadDOI
doi:10.18739/A2FQ9Q607,365,tooLongToLoadDOI
doi:10.18739/A2FT8DK22,381,tooLongToLoadDOI
doi:10.18739/A2FT8DK3J,363,tooLongToLoadDOI
doi:10.18739/A2G15TB9H,583,tooLongToLoadDOI
doi:10.18739/A2G44HR2F,735,tooLongToLoadDOI
doi:10.18739/A2KK94C7P,389,tooLongToLoadDOI
doi:10.18739/A2KW57J7R,716,tooLongToLoadDOI
doi:10.18739/A2HM52K68,360,tooLongToLoadDOI
doi:10.18739/A2HX15R5V,720,tooLongToLoadDOI
doi:10.18739/A2HT2GC2J,363,tooLongToLoadDOI
doi:10.18739/A2JM23G70,356,tooLongToLoadDOI
doi:10.18739/A2NK36556,365,tooLongToLoadDOI
doi:10.18739/A2NP1WJ9M,930,tooLongToLoadDOI
doi:10.18739/A2NS0KX61,468,tooLongToLoadDOI
doi:10.18739/A2MK6586F,364,tooLongToLoadDOI
doi:10.18739/A2MP4VN9C,363,tooLongToLoadDOI
doi:10.18739/A2SF2MC4V,152,tooLongToLoadDOI
doi:10.18739/A2PN8XG1W,724,tooLongToLoadDOI
doi:10.18739/A2PC2T92V,217,tooLongToLoadDOI
doi:10.18739/A2RB6W29Q,406,tooLongToLoadDOI
doi:10.18739/A2RF5KG34,362,tooLongToLoadDOI
doi:10.18739/A2Q52FD4V,365,tooLongToLoadDOI
doi:10.18739/A2QN5ZC14,404,tooLongToLoadDOI
doi:10.18739/A2QB9V612,388,tooLongToLoadDOI
doi:10.18739/A2QF8JK3W,422,tooLongToLoadDOI
doi:10.18739/A2QR9P,708,tooLongToLoadDOI
doi:10.18739/A2S756K73,359,tooLongToLoadDOI
doi:10.18739/A2WP9T732,366,tooLongToLoadDOI
doi:10.18739/A2WW77093,365,tooLongToLoadDOI
doi:10.18739/A2T43J360,205,tooLongToLoadDOI
doi:10.18739/A2TD9N851,710,tooLongToLoadDOI
doi:10.18739/A2TX3568P,326,tooLongToLoadDOI
doi:10.18739/A2V40K048,346,tooLongToLoadDOI
doi:10.18739/A2W08WH17,354,tooLongToLoadDOI
doi:10.18739/A2XW47X01,361,tooLongToLoadDOI
doi:10.18739/A2ZP3W13J,139,tooLongToLoadDOI
doi:10.18739/A2ZW18S76,368,tooLongToLoadDOI
doi:10.18739/A2SJ19R0S,998,tooLongToLoadDOI
