identifier,entityName,attributeName,attributeLabel,attributeDefinition,attributeUnit,viewURL,query_datetime_utc,assigned_valueURI,prefName,ontoName,package_type,child_rm,parent_rm,parent_metadata_pid,status,isPublic
doi:10.18739/A24F1MK1T,wrfout_d01_YYYY-MM-DD_HH:00:00.nc,lat,NA,Latitude of point,degree,https://search.dataone.org/view/doi:10.18739/A24F1MK1T,2020-11-13T12:49:47Z,http://purl.dataone.org/odo/ECSO_00002130,latitude coordinate,The Ecosystem Ontology,WEIRD,NA,NA,NA,dp was never annotated,TRUE
doi:10.18739/A29G5GD77,snow_depth_density_Imnavait_1998_2017.txt,Latitude,NA,Latitude in decimal degrees,degree,https://search.dataone.org/view/doi:10.18739/A29G5GD77,2020-11-13T12:49:47Z,http://purl.dataone.org/odo/ECSO_00002130,latitude coordinate,The Ecosystem Ontology,WEIRD,NA,NA,NA,dp was never annotated,TRUE
doi:10.18739/A2CZ3259S,wrfout_d01_YYYY-MM-DD_HH:00:00.nc,lat,NA,Latitude of point,degree,https://search.dataone.org/view/doi:10.18739/A2CZ3259S,2020-11-13T12:49:47Z,http://purl.dataone.org/odo/ECSO_00002130,latitude coordinate,The Ecosystem Ontology,WEIRD,NA,NA,NA,dp was never annotated,TRUE
doi:10.18739/A2BZ6189J,tas_wrf_erai_1996_2005_JJA_d.nc,lat,NA,Latitude coordinate (decimal degree).,degree,https://search.dataone.org/view/doi:10.18739/A2BZ6189J,2020-11-13T12:49:47Z,http://purl.dataone.org/odo/ECSO_00002130,latitude coordinate,The Ecosystem Ontology,WEIRD,NA,NA,NA,dp was never annotated,TRUE
doi:10.18739/A2BZ6189J,tas_wrf_cesmlw_ens_2071_2080_JJA_d_adj.nc,lat,NA,Latitude coordinate (decimal degree).,degree,https://search.dataone.org/view/doi:10.18739/A2BZ6189J,2020-11-13T12:49:47Z,http://purl.dataone.org/odo/ECSO_00002130,latitude coordinate,The Ecosystem Ontology,WEIRD,NA,NA,NA,dp was never annotated,TRUE
doi:10.18739/A2BZ6189J,tas_wrf_cesmle_001_2071_2080_JJA_d_adj.nc,lat,NA,Latitude coordinate (decimal degree).,degree,https://search.dataone.org/view/doi:10.18739/A2BZ6189J,2020-11-13T12:49:47Z,http://purl.dataone.org/odo/ECSO_00002130,latitude coordinate,The Ecosystem Ontology,WEIRD,NA,NA,NA,dp was never annotated,TRUE
doi:10.18739/A2BZ6189J,tas_wrf_cesmle_002_2071_2080_JJA_d_adj.nc,lat,NA,Latitude coordinate (decimal degree).,degree,https://search.dataone.org/view/doi:10.18739/A2BZ6189J,2020-11-13T12:49:47Z,http://purl.dataone.org/odo/ECSO_00002130,latitude coordinate,The Ecosystem Ontology,WEIRD,NA,NA,NA,dp was never annotated,TRUE
doi:10.18739/A2BZ6189J,tas_wrf_cesmle_003_2071_2080_JJA_d_adj.nc,lat,NA,Latitude coordinate (decimal degree).,degree,https://search.dataone.org/view/doi:10.18739/A2BZ6189J,2020-11-13T12:49:47Z,http://purl.dataone.org/odo/ECSO_00002130,latitude coordinate,The Ecosystem Ontology,WEIRD,NA,NA,NA,dp was never annotated,TRUE
doi:10.18739/A2BZ6189J,tas_wrf_cesmle_004_2071_2080_JJA_d_adj.nc,lat,NA,Latitude coordinate (decimal degree).,degree,https://search.dataone.org/view/doi:10.18739/A2BZ6189J,2020-11-13T12:49:47Z,http://purl.dataone.org/odo/ECSO_00002130,latitude coordinate,The Ecosystem Ontology,WEIRD,NA,NA,NA,dp was never annotated,TRUE
doi:10.18739/A2BZ6189J,tas_wrf_cesmle_005_2071_2080_JJA_d_adj.nc,lat,NA,Latitude coordinate (decimal degree).,degree,https://search.dataone.org/view/doi:10.18739/A2BZ6189J,2020-11-13T12:49:47Z,http://purl.dataone.org/odo/ECSO_00002130,latitude coordinate,The Ecosystem Ontology,WEIRD,NA,NA,NA,dp was never annotated,TRUE
doi:10.18739/A2BZ6189J,tas_wrf_cesmle_006_2071_2080_JJA_d_adj.nc,lat,NA,Latitude coordinate (decimal degree).,degree,https://search.dataone.org/view/doi:10.18739/A2BZ6189J,2020-11-13T12:49:47Z,http://purl.dataone.org/odo/ECSO_00002130,latitude coordinate,The Ecosystem Ontology,WEIRD,NA,NA,NA,dp was never annotated,TRUE
doi:10.18739/A2BZ6189J,tas_wrf_cesmle_007_2071_2080_JJA_d_adj.nc,lat,NA,Latitude coordinate (decimal degree).,degree,https://search.dataone.org/view/doi:10.18739/A2BZ6189J,2020-11-13T12:49:47Z,http://purl.dataone.org/odo/ECSO_00002130,latitude coordinate,The Ecosystem Ontology,WEIRD,NA,NA,NA,dp was never annotated,TRUE
doi:10.18739/A2BZ6189J,tas_wrf_cesmle_008_2071_2080_JJA_d_adj.nc,lat,NA,Latitude coordinate (decimal degree).,degree,https://search.dataone.org/view/doi:10.18739/A2BZ6189J,2020-11-13T12:49:47Z,http://purl.dataone.org/odo/ECSO_00002130,latitude coordinate,The Ecosystem Ontology,WEIRD,NA,NA,NA,dp was never annotated,TRUE
doi:10.18739/A2BZ6189J,tas_wrf_cesmle_009_2071_2080_JJA_d_adj.nc,lat,NA,Latitude coordinate (decimal degree).,degree,https://search.dataone.org/view/doi:10.18739/A2BZ6189J,2020-11-13T12:49:47Z,http://purl.dataone.org/odo/ECSO_00002130,latitude coordinate,The Ecosystem Ontology,WEIRD,NA,NA,NA,dp was never annotated,TRUE
doi:10.18739/A2BZ6189J,tas_wrf_cesmle_010_2071_2080_JJA_d_adj.nc,lat,NA,Latitude coordinate (decimal degree).,degree,https://search.dataone.org/view/doi:10.18739/A2BZ6189J,2020-11-13T12:49:47Z,http://purl.dataone.org/odo/ECSO_00002130,latitude coordinate,The Ecosystem Ontology,WEIRD,NA,NA,NA,dp was never annotated,TRUE
doi:10.18739/A2BZ6189J,tas_wrf_cesmle_ens_2071_2080_JJA_d_adj.nc,lat,NA,Latitude coordinate (decimal degree).,degree,https://search.dataone.org/view/doi:10.18739/A2BZ6189J,2020-11-13T12:49:47Z,http://purl.dataone.org/odo/ECSO_00002130,latitude coordinate,The Ecosystem Ontology,WEIRD,NA,NA,NA,dp was never annotated,TRUE
doi:10.18739/A2BZ6189J,tas_wrf_cesmle_001_1996_2005_JJA_d_adj.nc,lat,NA,Latitude coordinate (decimal degree).,degree,https://search.dataone.org/view/doi:10.18739/A2BZ6189J,2020-11-13T12:49:47Z,http://purl.dataone.org/odo/ECSO_00002130,latitude coordinate,The Ecosystem Ontology,WEIRD,NA,NA,NA,dp was never annotated,TRUE
doi:10.18739/A2BZ6189J,tas_wrf_cesmle_002_1996_2005_JJA_d_adj.nc,lat,NA,Latitude coordinate (decimal degree).,degree,https://search.dataone.org/view/doi:10.18739/A2BZ6189J,2020-11-13T12:49:47Z,http://purl.dataone.org/odo/ECSO_00002130,latitude coordinate,The Ecosystem Ontology,WEIRD,NA,NA,NA,dp was never annotated,TRUE
doi:10.18739/A2BZ6189J,tas_wrf_cesmle_003_1996_2005_JJA_d_adj.nc,lat,NA,Latitude coordinate (decimal degree).,degree,https://search.dataone.org/view/doi:10.18739/A2BZ6189J,2020-11-13T12:49:47Z,http://purl.dataone.org/odo/ECSO_00002130,latitude coordinate,The Ecosystem Ontology,WEIRD,NA,NA,NA,dp was never annotated,TRUE
doi:10.18739/A2BZ6189J,tas_wrf_cesmle_004_1996_2005_JJA_d_adj.nc,lat,NA,Latitude coordinate (decimal degree).,degree,https://search.dataone.org/view/doi:10.18739/A2BZ6189J,2020-11-13T12:49:47Z,http://purl.dataone.org/odo/ECSO_00002130,latitude coordinate,The Ecosystem Ontology,WEIRD,NA,NA,NA,dp was never annotated,TRUE
doi:10.18739/A2BZ6189J,tas_wrf_cesmle_005_1996_2005_JJA_d_adj.nc,lat,NA,Latitude coordinate (decimal degree).,degree,https://search.dataone.org/view/doi:10.18739/A2BZ6189J,2020-11-13T12:49:47Z,http://purl.dataone.org/odo/ECSO_00002130,latitude coordinate,The Ecosystem Ontology,WEIRD,NA,NA,NA,dp was never annotated,TRUE
doi:10.18739/A2BZ6189J,tas_wrf_cesmle_006_1996_2005_JJA_d_adj.nc,lat,NA,Latitude coordinate (decimal degree).,degree,https://search.dataone.org/view/doi:10.18739/A2BZ6189J,2020-11-13T12:49:47Z,http://purl.dataone.org/odo/ECSO_00002130,latitude coordinate,The Ecosystem Ontology,WEIRD,NA,NA,NA,dp was never annotated,TRUE
doi:10.18739/A2BZ6189J,tas_wrf_cesmle_007_1996_2005_JJA_d_adj.nc,lat,NA,Latitude coordinate (decimal degree).,degree,https://search.dataone.org/view/doi:10.18739/A2BZ6189J,2020-11-13T12:49:47Z,http://purl.dataone.org/odo/ECSO_00002130,latitude coordinate,The Ecosystem Ontology,WEIRD,NA,NA,NA,dp was never annotated,TRUE
doi:10.18739/A2BZ6189J,tas_wrf_cesmle_008_1996_2005_JJA_d_adj.nc,lat,NA,Latitude coordinate (decimal degree).,degree,https://search.dataone.org/view/doi:10.18739/A2BZ6189J,2020-11-13T12:49:47Z,http://purl.dataone.org/odo/ECSO_00002130,latitude coordinate,The Ecosystem Ontology,WEIRD,NA,NA,NA,dp was never annotated,TRUE
doi:10.18739/A2BZ6189J,tas_wrf_cesmle_009_1996_2005_JJA_d_adj.nc,lat,NA,Latitude coordinate (decimal degree).,degree,https://search.dataone.org/view/doi:10.18739/A2BZ6189J,2020-11-13T12:49:47Z,http://purl.dataone.org/odo/ECSO_00002130,latitude coordinate,The Ecosystem Ontology,WEIRD,NA,NA,NA,dp was never annotated,TRUE
doi:10.18739/A2BZ6189J,tas_wrf_cesmle_010_1996_2005_JJA_d_adj.nc,lat,NA,Latitude coordinate (decimal degree).,degree,https://search.dataone.org/view/doi:10.18739/A2BZ6189J,2020-11-13T12:49:47Z,http://purl.dataone.org/odo/ECSO_00002130,latitude coordinate,The Ecosystem Ontology,WEIRD,NA,NA,NA,dp was never annotated,TRUE
doi:10.18739/A2BZ6189J,tas_wrf_cesmle_ens_1996_2005_JJA_d_adj.nc,lat,NA,Latitude coordinate (decimal degree).,degree,https://search.dataone.org/view/doi:10.18739/A2BZ6189J,2020-11-13T12:49:47Z,http://purl.dataone.org/odo/ECSO_00002130,latitude coordinate,The Ecosystem Ontology,WEIRD,NA,NA,NA,dp was never annotated,TRUE
doi:10.18739/A2BZ6189J,icesheet_mask.nc,latitude,NA,Latitude coordinate (decimal degree),degree,https://search.dataone.org/view/doi:10.18739/A2BZ6189J,2020-11-13T12:49:47Z,http://purl.dataone.org/odo/ECSO_00002130,latitude coordinate,The Ecosystem Ontology,WEIRD,NA,NA,NA,dp was never annotated,TRUE
doi:10.18739/A2BZ6189J,Mote_1996_2015_JJA.nc,latitude,NA,Latitude coordinate (decimal degree),degree,https://search.dataone.org/view/doi:10.18739/A2BZ6189J,2020-11-13T12:49:47Z,http://purl.dataone.org/odo/ECSO_00002130,latitude coordinate,The Ecosystem Ontology,WEIRD,NA,NA,NA,dp was never annotated,TRUE
doi:10.18739/A2R785Q1D,wrfout_d01_YYYY-MM-DD_HH:00:00.nc,lat,NA,Latitude of point,degree,https://search.dataone.org/view/doi:10.18739/A2R785Q1D,2020-11-13T12:49:47Z,http://purl.dataone.org/odo/ECSO_00002130,latitude coordinate,The Ecosystem Ontology,WEIRD,NA,NA,NA,dp was never annotated,TRUE
doi:10.18739/A24F1MK1T,wrfout_d01_YYYY-MM-DD_HH:00:00.nc,lon,NA,Longitude of point,degree,https://search.dataone.org/view/doi:10.18739/A24F1MK1T,2020-11-13T12:49:47Z,http://purl.dataone.org/odo/ECSO_00002132,longitude coordinate,The Ecosystem Ontology,WEIRD,NA,NA,NA,dp was never annotated,TRUE
doi:10.18739/A29G5GD77,snow_depth_density_Imnavait_1998_2017.txt,Longitude,NA,Longitude in decimal degrees,degree,https://search.dataone.org/view/doi:10.18739/A29G5GD77,2020-11-13T12:49:47Z,http://purl.dataone.org/odo/ECSO_00002132,longitude coordinate,The Ecosystem Ontology,WEIRD,NA,NA,NA,dp was never annotated,TRUE
doi:10.18739/A2CZ3259S,wrfout_d01_YYYY-MM-DD_HH:00:00.nc,lon,NA,Longitude of point,degree,https://search.dataone.org/view/doi:10.18739/A2CZ3259S,2020-11-13T12:49:47Z,http://purl.dataone.org/odo/ECSO_00002132,longitude coordinate,The Ecosystem Ontology,WEIRD,NA,NA,NA,dp was never annotated,TRUE
doi:10.18739/A2BZ6189J,tas_wrf_erai_1996_2005_JJA_d.nc,lon,NA,Longitude coordinate (decimal degree).,degree,https://search.dataone.org/view/doi:10.18739/A2BZ6189J,2020-11-13T12:49:47Z,http://purl.dataone.org/odo/ECSO_00002132,longitude coordinate,The Ecosystem Ontology,WEIRD,NA,NA,NA,dp was never annotated,TRUE
doi:10.18739/A2BZ6189J,tas_wrf_cesmlw_ens_2071_2080_JJA_d_adj.nc,lon,NA,Longitude coordinate (decimal degree).,degree,https://search.dataone.org/view/doi:10.18739/A2BZ6189J,2020-11-13T12:49:47Z,http://purl.dataone.org/odo/ECSO_00002132,longitude coordinate,The Ecosystem Ontology,WEIRD,NA,NA,NA,dp was never annotated,TRUE
doi:10.18739/A2BZ6189J,tas_wrf_cesmle_001_2071_2080_JJA_d_adj.nc,lon,NA,Longitude coordinate (decimal degree).,degree,https://search.dataone.org/view/doi:10.18739/A2BZ6189J,2020-11-13T12:49:47Z,http://purl.dataone.org/odo/ECSO_00002132,longitude coordinate,The Ecosystem Ontology,WEIRD,NA,NA,NA,dp was never annotated,TRUE
doi:10.18739/A2BZ6189J,tas_wrf_cesmle_002_2071_2080_JJA_d_adj.nc,lon,NA,Longitude coordinate (decimal degree).,degree,https://search.dataone.org/view/doi:10.18739/A2BZ6189J,2020-11-13T12:49:47Z,http://purl.dataone.org/odo/ECSO_00002132,longitude coordinate,The Ecosystem Ontology,WEIRD,NA,NA,NA,dp was never annotated,TRUE
doi:10.18739/A2BZ6189J,tas_wrf_cesmle_003_2071_2080_JJA_d_adj.nc,lon,NA,Longitude coordinate (decimal degree).,degree,https://search.dataone.org/view/doi:10.18739/A2BZ6189J,2020-11-13T12:49:47Z,http://purl.dataone.org/odo/ECSO_00002132,longitude coordinate,The Ecosystem Ontology,WEIRD,NA,NA,NA,dp was never annotated,TRUE
doi:10.18739/A2BZ6189J,tas_wrf_cesmle_004_2071_2080_JJA_d_adj.nc,lon,NA,Longitude coordinate (decimal degree).,degree,https://search.dataone.org/view/doi:10.18739/A2BZ6189J,2020-11-13T12:49:47Z,http://purl.dataone.org/odo/ECSO_00002132,longitude coordinate,The Ecosystem Ontology,WEIRD,NA,NA,NA,dp was never annotated,TRUE
doi:10.18739/A2BZ6189J,tas_wrf_cesmle_005_2071_2080_JJA_d_adj.nc,lon,NA,Longitude coordinate (decimal degree).,degree,https://search.dataone.org/view/doi:10.18739/A2BZ6189J,2020-11-13T12:49:47Z,http://purl.dataone.org/odo/ECSO_00002132,longitude coordinate,The Ecosystem Ontology,WEIRD,NA,NA,NA,dp was never annotated,TRUE
doi:10.18739/A2BZ6189J,tas_wrf_cesmle_006_2071_2080_JJA_d_adj.nc,lon,NA,Longitude coordinate (decimal degree).,degree,https://search.dataone.org/view/doi:10.18739/A2BZ6189J,2020-11-13T12:49:47Z,http://purl.dataone.org/odo/ECSO_00002132,longitude coordinate,The Ecosystem Ontology,WEIRD,NA,NA,NA,dp was never annotated,TRUE
doi:10.18739/A2BZ6189J,tas_wrf_cesmle_007_2071_2080_JJA_d_adj.nc,lon,NA,Longitude coordinate (decimal degree).,degree,https://search.dataone.org/view/doi:10.18739/A2BZ6189J,2020-11-13T12:49:47Z,http://purl.dataone.org/odo/ECSO_00002132,longitude coordinate,The Ecosystem Ontology,WEIRD,NA,NA,NA,dp was never annotated,TRUE
doi:10.18739/A2BZ6189J,tas_wrf_cesmle_008_2071_2080_JJA_d_adj.nc,lon,NA,Longitude coordinate (decimal degree).,degree,https://search.dataone.org/view/doi:10.18739/A2BZ6189J,2020-11-13T12:49:47Z,http://purl.dataone.org/odo/ECSO_00002132,longitude coordinate,The Ecosystem Ontology,WEIRD,NA,NA,NA,dp was never annotated,TRUE
doi:10.18739/A2BZ6189J,tas_wrf_cesmle_009_2071_2080_JJA_d_adj.nc,lon,NA,Longitude coordinate (decimal degree).,degree,https://search.dataone.org/view/doi:10.18739/A2BZ6189J,2020-11-13T12:49:47Z,http://purl.dataone.org/odo/ECSO_00002132,longitude coordinate,The Ecosystem Ontology,WEIRD,NA,NA,NA,dp was never annotated,TRUE
doi:10.18739/A2BZ6189J,tas_wrf_cesmle_010_2071_2080_JJA_d_adj.nc,lon,NA,Longitude coordinate (decimal degree).,degree,https://search.dataone.org/view/doi:10.18739/A2BZ6189J,2020-11-13T12:49:47Z,http://purl.dataone.org/odo/ECSO_00002132,longitude coordinate,The Ecosystem Ontology,WEIRD,NA,NA,NA,dp was never annotated,TRUE
doi:10.18739/A2BZ6189J,tas_wrf_cesmle_ens_2071_2080_JJA_d_adj.nc,lon,NA,Longitude coordinate (decimal degree).,degree,https://search.dataone.org/view/doi:10.18739/A2BZ6189J,2020-11-13T12:49:47Z,http://purl.dataone.org/odo/ECSO_00002132,longitude coordinate,The Ecosystem Ontology,WEIRD,NA,NA,NA,dp was never annotated,TRUE
doi:10.18739/A2BZ6189J,tas_wrf_cesmle_001_1996_2005_JJA_d_adj.nc,lon,NA,Longitude coordinate (decimal degree).,degree,https://search.dataone.org/view/doi:10.18739/A2BZ6189J,2020-11-13T12:49:47Z,http://purl.dataone.org/odo/ECSO_00002132,longitude coordinate,The Ecosystem Ontology,WEIRD,NA,NA,NA,dp was never annotated,TRUE
doi:10.18739/A2BZ6189J,tas_wrf_cesmle_002_1996_2005_JJA_d_adj.nc,lon,NA,Longitude coordinate (decimal degree).,degree,https://search.dataone.org/view/doi:10.18739/A2BZ6189J,2020-11-13T12:49:47Z,http://purl.dataone.org/odo/ECSO_00002132,longitude coordinate,The Ecosystem Ontology,WEIRD,NA,NA,NA,dp was never annotated,TRUE
doi:10.18739/A2BZ6189J,tas_wrf_cesmle_003_1996_2005_JJA_d_adj.nc,lon,NA,Longitude coordinate (decimal degree).,degree,https://search.dataone.org/view/doi:10.18739/A2BZ6189J,2020-11-13T12:49:47Z,http://purl.dataone.org/odo/ECSO_00002132,longitude coordinate,The Ecosystem Ontology,WEIRD,NA,NA,NA,dp was never annotated,TRUE
doi:10.18739/A2BZ6189J,tas_wrf_cesmle_004_1996_2005_JJA_d_adj.nc,lon,NA,Longitude coordinate (decimal degree).,degree,https://search.dataone.org/view/doi:10.18739/A2BZ6189J,2020-11-13T12:49:47Z,http://purl.dataone.org/odo/ECSO_00002132,longitude coordinate,The Ecosystem Ontology,WEIRD,NA,NA,NA,dp was never annotated,TRUE
doi:10.18739/A2BZ6189J,tas_wrf_cesmle_005_1996_2005_JJA_d_adj.nc,lon,NA,Longitude coordinate (decimal degree).,degree,https://search.dataone.org/view/doi:10.18739/A2BZ6189J,2020-11-13T12:49:47Z,http://purl.dataone.org/odo/ECSO_00002132,longitude coordinate,The Ecosystem Ontology,WEIRD,NA,NA,NA,dp was never annotated,TRUE
doi:10.18739/A2BZ6189J,tas_wrf_cesmle_006_1996_2005_JJA_d_adj.nc,lon,NA,Longitude coordinate (decimal degree).,degree,https://search.dataone.org/view/doi:10.18739/A2BZ6189J,2020-11-13T12:49:47Z,http://purl.dataone.org/odo/ECSO_00002132,longitude coordinate,The Ecosystem Ontology,WEIRD,NA,NA,NA,dp was never annotated,TRUE
doi:10.18739/A2BZ6189J,tas_wrf_cesmle_007_1996_2005_JJA_d_adj.nc,lon,NA,Longitude coordinate (decimal degree).,degree,https://search.dataone.org/view/doi:10.18739/A2BZ6189J,2020-11-13T12:49:47Z,http://purl.dataone.org/odo/ECSO_00002132,longitude coordinate,The Ecosystem Ontology,WEIRD,NA,NA,NA,dp was never annotated,TRUE
doi:10.18739/A2BZ6189J,tas_wrf_cesmle_008_1996_2005_JJA_d_adj.nc,lon,NA,Longitude coordinate (decimal degree).,degree,https://search.dataone.org/view/doi:10.18739/A2BZ6189J,2020-11-13T12:49:47Z,http://purl.dataone.org/odo/ECSO_00002132,longitude coordinate,The Ecosystem Ontology,WEIRD,NA,NA,NA,dp was never annotated,TRUE
doi:10.18739/A2BZ6189J,tas_wrf_cesmle_009_1996_2005_JJA_d_adj.nc,lon,NA,Longitude coordinate (decimal degree).,degree,https://search.dataone.org/view/doi:10.18739/A2BZ6189J,2020-11-13T12:49:47Z,http://purl.dataone.org/odo/ECSO_00002132,longitude coordinate,The Ecosystem Ontology,WEIRD,NA,NA,NA,dp was never annotated,TRUE
doi:10.18739/A2BZ6189J,tas_wrf_cesmle_010_1996_2005_JJA_d_adj.nc,lon,NA,Longitude coordinate (decimal degree).,degree,https://search.dataone.org/view/doi:10.18739/A2BZ6189J,2020-11-13T12:49:47Z,http://purl.dataone.org/odo/ECSO_00002132,longitude coordinate,The Ecosystem Ontology,WEIRD,NA,NA,NA,dp was never annotated,TRUE
doi:10.18739/A2BZ6189J,tas_wrf_cesmle_ens_1996_2005_JJA_d_adj.nc,lon,NA,Longitude coordinate (decimal degree).,degree,https://search.dataone.org/view/doi:10.18739/A2BZ6189J,2020-11-13T12:49:47Z,http://purl.dataone.org/odo/ECSO_00002132,longitude coordinate,The Ecosystem Ontology,WEIRD,NA,NA,NA,dp was never annotated,TRUE
doi:10.18739/A2BZ6189J,icesheet_mask.nc,longitude,NA,Longitude coordinate (decimal degree),degree,https://search.dataone.org/view/doi:10.18739/A2BZ6189J,2020-11-13T12:49:47Z,http://purl.dataone.org/odo/ECSO_00002132,longitude coordinate,The Ecosystem Ontology,WEIRD,NA,NA,NA,dp was never annotated,TRUE
doi:10.18739/A2BZ6189J,Mote_1996_2015_JJA.nc,longitude,NA,Longitude coordinate (decimal degree),degree,https://search.dataone.org/view/doi:10.18739/A2BZ6189J,2020-11-13T12:49:47Z,http://purl.dataone.org/odo/ECSO_00002132,longitude coordinate,The Ecosystem Ontology,WEIRD,NA,NA,NA,dp was never annotated,TRUE
doi:10.18739/A2R785Q1D,wrfout_d01_YYYY-MM-DD_HH:00:00.nc,lon,NA,Longitude of point,degree,https://search.dataone.org/view/doi:10.18739/A2R785Q1D,2020-11-13T12:49:47Z,http://purl.dataone.org/odo/ECSO_00002132,longitude coordinate,The Ecosystem Ontology,WEIRD,NA,NA,NA,dp was never annotated,TRUE
doi:10.18739/A28K74X6T,arcsees_2016datarpt_tbl_A.2A_A.2B_enviro_plotdata.csv,SNOW DEPTH SAMPLE DATE,NA,Date that snow depth was measured,NA,https://search.dataone.org/view/doi:10.18739/A28K74X6T,2020-10-12T16:44:43Z,http://purl.dataone.org/odo/ECSO_00002051,date,The Ecosystem Ontology,WEIRD,NA,NA,NA,dp has at least one annotation,TRUE
doi:10.18739/A28K74X6T,arcsees_2016datarpt_tbl_A.2A_A.2B_enviro_plotdata.csv,WATER- AND THAW DEPTH SAMPLE DATE,NA,Date that water and thaw depth was measured,NA,https://search.dataone.org/view/doi:10.18739/A28K74X6T,2020-10-12T16:44:43Z,http://purl.dataone.org/odo/ECSO_00002051,date,The Ecosystem Ontology,WEIRD,NA,NA,NA,dp has at least one annotation,TRUE
doi:10.18739/A28K74X6T,arcsees_2016datarpt_tbl_A.4A_boreholedata.csv,DATE,NA,Date of measurement,NA,https://search.dataone.org/view/doi:10.18739/A28K74X6T,2020-10-12T16:44:43Z,http://purl.dataone.org/odo/ECSO_00002051,date,The Ecosystem Ontology,WEIRD,NA,NA,NA,dp has at least one annotation,TRUE
doi:10.18739/A28K74X6T,arcsees_2016datarpt_tbl_A.4B_T3-T4boreholedata.csv,DATE,NA,Date of measurement,NA,https://search.dataone.org/view/doi:10.18739/A28K74X6T,2020-10-12T16:44:43Z,http://purl.dataone.org/odo/ECSO_00002051,date,The Ecosystem Ontology,WEIRD,NA,NA,NA,dp has at least one annotation,TRUE
doi:10.18739/A28K74X6T,arcsees_2016datarpt_tbl_A.2A_A.2B_enviro_plotdata.xlsx,SNOW DEPTH SAMPLE DATE,NA,Date that snow depth was measured,NA,https://search.dataone.org/view/doi:10.18739/A28K74X6T,2020-10-12T16:44:43Z,http://purl.dataone.org/odo/ECSO_00002051,date,The Ecosystem Ontology,WEIRD,NA,NA,NA,dp has at least one annotation,TRUE
doi:10.18739/A28K74X6T,arcsees_2016datarpt_tbl_A.2A_A.2B_enviro_plotdata.xlsx,WATER- AND THAW DEPTH SAMPLE DATE,NA,Date that water and thaw depth was measured,NA,https://search.dataone.org/view/doi:10.18739/A28K74X6T,2020-10-12T16:44:43Z,http://purl.dataone.org/odo/ECSO_00002051,date,The Ecosystem Ontology,WEIRD,NA,NA,NA,dp has at least one annotation,TRUE
doi:10.18739/A28K74X6T,arcsees_2016datarpt_tbl_A.4A_boreholedata.xlsx,DATE,NA,Date of measurement,NA,https://search.dataone.org/view/doi:10.18739/A28K74X6T,2020-10-12T16:44:43Z,http://purl.dataone.org/odo/ECSO_00002051,date,The Ecosystem Ontology,WEIRD,NA,NA,NA,dp has at least one annotation,TRUE
doi:10.18739/A28K74X6T,arcsees_2016datarpt_tbl_A.4B_T3-T4boreholedata.xlsx,DATE,NA,Date of measurement,NA,https://search.dataone.org/view/doi:10.18739/A28K74X6T,2020-10-12T16:44:43Z,http://purl.dataone.org/odo/ECSO_00002051,date,The Ecosystem Ontology,WEIRD,NA,NA,NA,dp has at least one annotation,TRUE
doi:10.18739/A2CJ87K8H,SAR Dates,Date,NA,Date (DD-mon). Multiple dates listed indicates mosaic.,NA,https://search.dataone.org/view/doi:10.18739/A2CJ87K8H,2020-10-12T16:44:43Z,http://purl.dataone.org/odo/ECSO_00002051,date,The Ecosystem Ontology,WEIRD,NA,NA,NA,dp has at least one annotation,TRUE
doi:10.18739/A23F4KM7K,Alexander_Exp Burn Soil Mois 2012_2017.csv,Date,NA,Date measurement was taken,NA,https://search.dataone.org/view/doi:10.18739/A23F4KM7K,2020-11-13T12:49:47Z,http://purl.dataone.org/odo/ECSO_00002051,date,The Ecosystem Ontology,WEIRD,NA,NA,NA,dp was never annotated,TRUE
doi:10.18739/A29G5GD77,snow_depth_density_Imnavait_1998_2017.txt,Date,NA,Date of measurements MMDDYYYY,NA,https://search.dataone.org/view/doi:10.18739/A29G5GD77,2020-11-13T12:49:47Z,http://purl.dataone.org/odo/ECSO_00002051,date,The Ecosystem Ontology,WEIRD,NA,NA,NA,dp was never annotated,TRUE
doi:10.18739/A29G5GD77,snow_depth_swe_Imnavait_1985_1997.txt,Date,NA,Date of measurements: MMDDYYYY,NA,https://search.dataone.org/view/doi:10.18739/A29G5GD77,2020-11-13T12:49:47Z,http://purl.dataone.org/odo/ECSO_00002051,date,The Ecosystem Ontology,WEIRD,NA,NA,NA,dp was never annotated,TRUE
doi:10.18739/A2RF5KF5N,Imnavait_Pore_water_chemistries.csv,Time_to_peak(hrs),NA,The number of hours before bromide concentrations peaked at an individual lysimeter,hour,https://search.dataone.org/view/doi:10.18739/A2RF5KF5N,2020-11-13T12:49:47Z,http://purl.dataone.org/odo/ECSO_00002048,hour of measurement time,The Ecosystem Ontology,WEIRD,NA,NA,NA,dp was never annotated,TRUE
doi:10.18739/A20P0WR72,wrfout_d01_YYYY-MM-DD_HH:00:00.nc,Times,NA,time of simulation,NA,https://search.dataone.org/view/doi:10.18739/A20P0WR72,2020-11-13T12:49:47Z,http://purl.dataone.org/odo/ECSO_00002043,date and time of measurement,The Ecosystem Ontology,WEIRD,NA,NA,NA,dp was never annotated,TRUE
doi:10.18739/A24F1MK1T,wrfout_d01_YYYY-MM-DD_HH:00:00.nc,DateTime,NA,Date and Time,NA,https://search.dataone.org/view/doi:10.18739/A24F1MK1T,2020-11-13T12:49:47Z,http://purl.dataone.org/odo/ECSO_00002043,date and time of measurement,The Ecosystem Ontology,WEIRD,NA,NA,NA,dp was never annotated,TRUE
doi:10.18739/A2862BC5Z,wrfout_d01_YYYY-MM-DD_HH:00:00.nc,Times,NA,time of simulation,NA,https://search.dataone.org/view/doi:10.18739/A2862BC5Z,2020-11-13T12:49:47Z,http://purl.dataone.org/odo/ECSO_00002043,date and time of measurement,The Ecosystem Ontology,WEIRD,NA,NA,NA,dp was never annotated,TRUE
doi:10.18739/A2CZ3259S,wrfout_d01_YYYY-MM-DD_HH:00:00.nc,DateTime,NA,Date and Time,NA,https://search.dataone.org/view/doi:10.18739/A2CZ3259S,2020-11-13T12:49:47Z,http://purl.dataone.org/odo/ECSO_00002043,date and time of measurement,The Ecosystem Ontology,WEIRD,NA,NA,NA,dp was never annotated,TRUE
doi:10.18739/A2MG7FW84,wrfout_d01_YYYY-MM-DD_HH:00:00.nc,Times,NA,time of simulation,NA,https://search.dataone.org/view/doi:10.18739/A2MG7FW84,2020-11-13T12:49:47Z,http://purl.dataone.org/odo/ECSO_00002043,date and time of measurement,The Ecosystem Ontology,WEIRD,NA,NA,NA,dp was never annotated,TRUE
doi:10.18739/A2R785Q1D,wrfout_d01_YYYY-MM-DD_HH:00:00.nc,DateTime,NA,Date and Time,NA,https://search.dataone.org/view/doi:10.18739/A2R785Q1D,2020-11-13T12:49:47Z,http://purl.dataone.org/odo/ECSO_00002043,date and time of measurement,The Ecosystem Ontology,WEIRD,NA,NA,NA,dp was never annotated,TRUE
doi:10.18739/A2VX0642G,wrfout_d01_YYYY-MM-DD_HH:00:00.nc,Times,NA,time of simulation,NA,https://search.dataone.org/view/doi:10.18739/A2VX0642G,2020-11-13T12:49:47Z,http://purl.dataone.org/odo/ECSO_00002043,date and time of measurement,The Ecosystem Ontology,WEIRD,NA,NA,NA,dp was never annotated,TRUE
doi:10.18739/A24F1MK1T,wrfout_d01_YYYY-MM-DD_HH:00:00.nc,time,NA,Time of simulation in hours since 1800-01-01 00:00:00,nominalHour,https://search.dataone.org/view/doi:10.18739/A24F1MK1T,2020-11-13T12:49:47Z,http://purl.dataone.org/odo/ECSO_00002040,time of measurement,The Ecosystem Ontology,WEIRD,NA,NA,NA,dp was never annotated,TRUE
doi:10.18739/A2CZ3259S,wrfout_d01_YYYY-MM-DD_HH:00:00.nc,time,NA,Time of simulation in hours since 1800-01-01 00:00:00,nominalHour,https://search.dataone.org/view/doi:10.18739/A2CZ3259S,2020-11-13T12:49:47Z,http://purl.dataone.org/odo/ECSO_00002040,time of measurement,The Ecosystem Ontology,WEIRD,NA,NA,NA,dp was never annotated,TRUE
doi:10.18739/A2BZ6189J,wrf_erai_tas_newmelt_1996_2005_JJA.nc,time,NA,Hours since 1800-01-01 00:00:00,nominalHour,https://search.dataone.org/view/doi:10.18739/A2BZ6189J,2020-11-13T12:49:47Z,http://purl.dataone.org/odo/ECSO_00002040,time of measurement,The Ecosystem Ontology,WEIRD,NA,NA,NA,dp was never annotated,TRUE
doi:10.18739/A2BZ6189J,wrf_cesmlw_ens_tas_newmelt_2071_2080_JJA_adj.nc,time,NA,Hours since 1800-01-01 00:00:00,nominalHour,https://search.dataone.org/view/doi:10.18739/A2BZ6189J,2020-11-13T12:49:47Z,http://purl.dataone.org/odo/ECSO_00002040,time of measurement,The Ecosystem Ontology,WEIRD,NA,NA,NA,dp was never annotated,TRUE
doi:10.18739/A2BZ6189J,wrf_cesmle_001_tas_newmelt_2071_2080_JJA_adj.nc,time,NA,Hours since 1800-01-01 00:00:00,nominalHour,https://search.dataone.org/view/doi:10.18739/A2BZ6189J,2020-11-13T12:49:47Z,http://purl.dataone.org/odo/ECSO_00002040,time of measurement,The Ecosystem Ontology,WEIRD,NA,NA,NA,dp was never annotated,TRUE
doi:10.18739/A2BZ6189J,wrf_cesmle_002_tas_newmelt_2071_2080_JJA_adj.nc,time,NA,Hours since 1800-01-01 00:00:00,nominalHour,https://search.dataone.org/view/doi:10.18739/A2BZ6189J,2020-11-13T12:49:47Z,http://purl.dataone.org/odo/ECSO_00002040,time of measurement,The Ecosystem Ontology,WEIRD,NA,NA,NA,dp was never annotated,TRUE
doi:10.18739/A2BZ6189J,wrf_cesmle_003_tas_newmelt_2071_2080_JJA_adj.nc,time,NA,Hours since 1800-01-01 00:00:00,nominalHour,https://search.dataone.org/view/doi:10.18739/A2BZ6189J,2020-11-13T12:49:47Z,http://purl.dataone.org/odo/ECSO_00002040,time of measurement,The Ecosystem Ontology,WEIRD,NA,NA,NA,dp was never annotated,TRUE
doi:10.18739/A2BZ6189J,wrf_cesmle_004_tas_newmelt_2071_2080_JJA_adj.nc,time,NA,Hours since 1800-01-01 00:00:00,nominalHour,https://search.dataone.org/view/doi:10.18739/A2BZ6189J,2020-11-13T12:49:47Z,http://purl.dataone.org/odo/ECSO_00002040,time of measurement,The Ecosystem Ontology,WEIRD,NA,NA,NA,dp was never annotated,TRUE
doi:10.18739/A2BZ6189J,wrf_cesmle_005_tas_newmelt_2071_2080_JJA_adj.nc,time,NA,Hours since 1800-01-01 00:00:00,nominalHour,https://search.dataone.org/view/doi:10.18739/A2BZ6189J,2020-11-13T12:49:47Z,http://purl.dataone.org/odo/ECSO_00002040,time of measurement,The Ecosystem Ontology,WEIRD,NA,NA,NA,dp was never annotated,TRUE
doi:10.18739/A2BZ6189J,wrf_cesmle_006_tas_newmelt_2071_2080_JJA_adj.nc,time,NA,Hours since 1800-01-01 00:00:00,nominalHour,https://search.dataone.org/view/doi:10.18739/A2BZ6189J,2020-11-13T12:49:47Z,http://purl.dataone.org/odo/ECSO_00002040,time of measurement,The Ecosystem Ontology,WEIRD,NA,NA,NA,dp was never annotated,TRUE
doi:10.18739/A2BZ6189J,wrf_cesmle_007_tas_newmelt_2071_2080_JJA_adj.nc,time,NA,Hours since 1800-01-01 00:00:00,nominalHour,https://search.dataone.org/view/doi:10.18739/A2BZ6189J,2020-11-13T12:49:47Z,http://purl.dataone.org/odo/ECSO_00002040,time of measurement,The Ecosystem Ontology,WEIRD,NA,NA,NA,dp was never annotated,TRUE
doi:10.18739/A2BZ6189J,wrf_cesmle_008_tas_newmelt_2071_2080_JJA_adj.nc,time,NA,Hours since 1800-01-01 00:00:00,nominalHour,https://search.dataone.org/view/doi:10.18739/A2BZ6189J,2020-11-13T12:49:47Z,http://purl.dataone.org/odo/ECSO_00002040,time of measurement,The Ecosystem Ontology,WEIRD,NA,NA,NA,dp was never annotated,TRUE
doi:10.18739/A2BZ6189J,wrf_cesmle_009_tas_newmelt_2071_2080_JJA_adj.nc,time,NA,Hours since 1800-01-01 00:00:00,nominalHour,https://search.dataone.org/view/doi:10.18739/A2BZ6189J,2020-11-13T12:49:47Z,http://purl.dataone.org/odo/ECSO_00002040,time of measurement,The Ecosystem Ontology,WEIRD,NA,NA,NA,dp was never annotated,TRUE
doi:10.18739/A2BZ6189J,wrf_cesmle_010_tas_newmelt_2071_2080_JJA_adj.nc,time,NA,Hours since 1800-01-01 00:00:00,nominalHour,https://search.dataone.org/view/doi:10.18739/A2BZ6189J,2020-11-13T12:49:47Z,http://purl.dataone.org/odo/ECSO_00002040,time of measurement,The Ecosystem Ontology,WEIRD,NA,NA,NA,dp was never annotated,TRUE
doi:10.18739/A2BZ6189J,wrf_cesmle_ens_tas_newmelt_2071_2080_JJA_adj.nc,time,NA,Hours since 1800-01-01 00:00:00,nominalHour,https://search.dataone.org/view/doi:10.18739/A2BZ6189J,2020-11-13T12:49:47Z,http://purl.dataone.org/odo/ECSO_00002040,time of measurement,The Ecosystem Ontology,WEIRD,NA,NA,NA,dp was never annotated,TRUE
doi:10.18739/A2BZ6189J,wrf_cesmle_001_tas_newmelt_1996_2005_JJA_adj.nc,time,NA,Hours since 1800-01-01 00:00:00,nominalHour,https://search.dataone.org/view/doi:10.18739/A2BZ6189J,2020-11-13T12:49:47Z,http://purl.dataone.org/odo/ECSO_00002040,time of measurement,The Ecosystem Ontology,WEIRD,NA,NA,NA,dp was never annotated,TRUE
doi:10.18739/A2BZ6189J,wrf_cesmle_002_tas_newmelt_1996_2005_JJA_adj.nc,time,NA,Hours since 1800-01-01 00:00:00,nominalHour,https://search.dataone.org/view/doi:10.18739/A2BZ6189J,2020-11-13T12:49:47Z,http://purl.dataone.org/odo/ECSO_00002040,time of measurement,The Ecosystem Ontology,WEIRD,NA,NA,NA,dp was never annotated,TRUE
doi:10.18739/A2BZ6189J,wrf_cesmle_003_tas_newmelt_1996_2005_JJA_adj.nc,time,NA,Hours since 1800-01-01 00:00:00,nominalHour,https://search.dataone.org/view/doi:10.18739/A2BZ6189J,2020-11-13T12:49:47Z,http://purl.dataone.org/odo/ECSO_00002040,time of measurement,The Ecosystem Ontology,WEIRD,NA,NA,NA,dp was never annotated,TRUE
doi:10.18739/A2BZ6189J,wrf_cesmle_004_tas_newmelt_1996_2005_JJA_adj.nc,time,NA,Hours since 1800-01-01 00:00:00,nominalHour,https://search.dataone.org/view/doi:10.18739/A2BZ6189J,2020-11-13T12:49:47Z,http://purl.dataone.org/odo/ECSO_00002040,time of measurement,The Ecosystem Ontology,WEIRD,NA,NA,NA,dp was never annotated,TRUE
doi:10.18739/A2BZ6189J,wrf_cesmle_005_tas_newmelt_1996_2005_JJA_adj.nc,time,NA,Hours since 1800-01-01 00:00:00,nominalHour,https://search.dataone.org/view/doi:10.18739/A2BZ6189J,2020-11-13T12:49:47Z,http://purl.dataone.org/odo/ECSO_00002040,time of measurement,The Ecosystem Ontology,WEIRD,NA,NA,NA,dp was never annotated,TRUE
doi:10.18739/A2BZ6189J,wrf_cesmle_006_tas_newmelt_1996_2005_JJA_adj.nc,time,NA,Hours since 1800-01-01 00:00:00,nominalHour,https://search.dataone.org/view/doi:10.18739/A2BZ6189J,2020-11-13T12:49:47Z,http://purl.dataone.org/odo/ECSO_00002040,time of measurement,The Ecosystem Ontology,WEIRD,NA,NA,NA,dp was never annotated,TRUE
doi:10.18739/A2BZ6189J,wrf_cesmle_007_tas_newmelt_1996_2005_JJA_adj.nc,time,NA,Hours since 1800-01-01 00:00:00,nominalHour,https://search.dataone.org/view/doi:10.18739/A2BZ6189J,2020-11-13T12:49:47Z,http://purl.dataone.org/odo/ECSO_00002040,time of measurement,The Ecosystem Ontology,WEIRD,NA,NA,NA,dp was never annotated,TRUE
doi:10.18739/A2BZ6189J,wrf_cesmle_008_tas_newmelt_1996_2005_JJA_adj.nc,time,NA,Hours since 1800-01-01 00:00:00,nominalHour,https://search.dataone.org/view/doi:10.18739/A2BZ6189J,2020-11-13T12:49:47Z,http://purl.dataone.org/odo/ECSO_00002040,time of measurement,The Ecosystem Ontology,WEIRD,NA,NA,NA,dp was never annotated,TRUE
doi:10.18739/A2BZ6189J,wrf_cesmle_009_tas_newmelt_1996_2005_JJA_adj.nc,time,NA,Hours since 1800-01-01 00:00:00,nominalHour,https://search.dataone.org/view/doi:10.18739/A2BZ6189J,2020-11-13T12:49:47Z,http://purl.dataone.org/odo/ECSO_00002040,time of measurement,The Ecosystem Ontology,WEIRD,NA,NA,NA,dp was never annotated,TRUE
doi:10.18739/A2BZ6189J,wrf_cesmle_010_tas_newmelt_1996_2005_JJA_adj.nc,time,NA,Hours since 1800-01-01 00:00:00,nominalHour,https://search.dataone.org/view/doi:10.18739/A2BZ6189J,2020-11-13T12:49:47Z,http://purl.dataone.org/odo/ECSO_00002040,time of measurement,The Ecosystem Ontology,WEIRD,NA,NA,NA,dp was never annotated,TRUE
doi:10.18739/A2BZ6189J,wrf_cesmle_ens_tas_newmelt_1996_2005_JJA_adj.nc,time,NA,Hours since 1800-01-01 00:00:00,nominalHour,https://search.dataone.org/view/doi:10.18739/A2BZ6189J,2020-11-13T12:49:47Z,http://purl.dataone.org/odo/ECSO_00002040,time of measurement,The Ecosystem Ontology,WEIRD,NA,NA,NA,dp was never annotated,TRUE
doi:10.18739/A2BZ6189J,tas_wrf_erai_1996_2005_JJA_d.nc,time,NA,Time hours since 1800-01-01 00:00:00,nominalHour,https://search.dataone.org/view/doi:10.18739/A2BZ6189J,2020-11-13T12:49:47Z,http://purl.dataone.org/odo/ECSO_00002040,time of measurement,The Ecosystem Ontology,WEIRD,NA,NA,NA,dp was never annotated,TRUE
doi:10.18739/A2BZ6189J,tas_wrf_cesmlw_ens_2071_2080_JJA_d_adj.nc,time,NA,Time hours since 1800-01-01 00:00:00,nominalHour,https://search.dataone.org/view/doi:10.18739/A2BZ6189J,2020-11-13T12:49:47Z,http://purl.dataone.org/odo/ECSO_00002040,time of measurement,The Ecosystem Ontology,WEIRD,NA,NA,NA,dp was never annotated,TRUE
doi:10.18739/A2BZ6189J,tas_wrf_cesmle_001_2071_2080_JJA_d_adj.nc,time,NA,Time hours since 1800-01-01 00:00:00,nominalHour,https://search.dataone.org/view/doi:10.18739/A2BZ6189J,2020-11-13T12:49:47Z,http://purl.dataone.org/odo/ECSO_00002040,time of measurement,The Ecosystem Ontology,WEIRD,NA,NA,NA,dp was never annotated,TRUE
doi:10.18739/A2BZ6189J,tas_wrf_cesmle_002_2071_2080_JJA_d_adj.nc,time,NA,Time hours since 1800-01-01 00:00:00,nominalHour,https://search.dataone.org/view/doi:10.18739/A2BZ6189J,2020-11-13T12:49:47Z,http://purl.dataone.org/odo/ECSO_00002040,time of measurement,The Ecosystem Ontology,WEIRD,NA,NA,NA,dp was never annotated,TRUE
doi:10.18739/A2BZ6189J,tas_wrf_cesmle_003_2071_2080_JJA_d_adj.nc,time,NA,Time hours since 1800-01-01 00:00:00,nominalHour,https://search.dataone.org/view/doi:10.18739/A2BZ6189J,2020-11-13T12:49:47Z,http://purl.dataone.org/odo/ECSO_00002040,time of measurement,The Ecosystem Ontology,WEIRD,NA,NA,NA,dp was never annotated,TRUE
doi:10.18739/A2BZ6189J,tas_wrf_cesmle_004_2071_2080_JJA_d_adj.nc,time,NA,Time hours since 1800-01-01 00:00:00,nominalHour,https://search.dataone.org/view/doi:10.18739/A2BZ6189J,2020-11-13T12:49:47Z,http://purl.dataone.org/odo/ECSO_00002040,time of measurement,The Ecosystem Ontology,WEIRD,NA,NA,NA,dp was never annotated,TRUE
doi:10.18739/A2BZ6189J,tas_wrf_cesmle_005_2071_2080_JJA_d_adj.nc,time,NA,Time hours since 1800-01-01 00:00:00,nominalHour,https://search.dataone.org/view/doi:10.18739/A2BZ6189J,2020-11-13T12:49:47Z,http://purl.dataone.org/odo/ECSO_00002040,time of measurement,The Ecosystem Ontology,WEIRD,NA,NA,NA,dp was never annotated,TRUE
doi:10.18739/A2BZ6189J,tas_wrf_cesmle_006_2071_2080_JJA_d_adj.nc,time,NA,Time hours since 1800-01-01 00:00:00,nominalHour,https://search.dataone.org/view/doi:10.18739/A2BZ6189J,2020-11-13T12:49:47Z,http://purl.dataone.org/odo/ECSO_00002040,time of measurement,The Ecosystem Ontology,WEIRD,NA,NA,NA,dp was never annotated,TRUE
doi:10.18739/A2BZ6189J,tas_wrf_cesmle_007_2071_2080_JJA_d_adj.nc,time,NA,Time hours since 1800-01-01 00:00:00,nominalHour,https://search.dataone.org/view/doi:10.18739/A2BZ6189J,2020-11-13T12:49:47Z,http://purl.dataone.org/odo/ECSO_00002040,time of measurement,The Ecosystem Ontology,WEIRD,NA,NA,NA,dp was never annotated,TRUE
doi:10.18739/A2BZ6189J,tas_wrf_cesmle_008_2071_2080_JJA_d_adj.nc,time,NA,Time hours since 1800-01-01 00:00:00,nominalHour,https://search.dataone.org/view/doi:10.18739/A2BZ6189J,2020-11-13T12:49:47Z,http://purl.dataone.org/odo/ECSO_00002040,time of measurement,The Ecosystem Ontology,WEIRD,NA,NA,NA,dp was never annotated,TRUE
doi:10.18739/A2BZ6189J,tas_wrf_cesmle_009_2071_2080_JJA_d_adj.nc,time,NA,Time hours since 1800-01-01 00:00:00,nominalHour,https://search.dataone.org/view/doi:10.18739/A2BZ6189J,2020-11-13T12:49:47Z,http://purl.dataone.org/odo/ECSO_00002040,time of measurement,The Ecosystem Ontology,WEIRD,NA,NA,NA,dp was never annotated,TRUE
doi:10.18739/A2BZ6189J,tas_wrf_cesmle_010_2071_2080_JJA_d_adj.nc,time,NA,Time hours since 1800-01-01 00:00:00,nominalHour,https://search.dataone.org/view/doi:10.18739/A2BZ6189J,2020-11-13T12:49:47Z,http://purl.dataone.org/odo/ECSO_00002040,time of measurement,The Ecosystem Ontology,WEIRD,NA,NA,NA,dp was never annotated,TRUE
doi:10.18739/A2BZ6189J,tas_wrf_cesmle_ens_2071_2080_JJA_d_adj.nc,time,NA,Time hours since 1800-01-01 00:00:00,nominalHour,https://search.dataone.org/view/doi:10.18739/A2BZ6189J,2020-11-13T12:49:47Z,http://purl.dataone.org/odo/ECSO_00002040,time of measurement,The Ecosystem Ontology,WEIRD,NA,NA,NA,dp was never annotated,TRUE
doi:10.18739/A2BZ6189J,tas_wrf_cesmle_001_1996_2005_JJA_d_adj.nc,time,NA,Time hours since 1800-01-01 00:00:00,nominalHour,https://search.dataone.org/view/doi:10.18739/A2BZ6189J,2020-11-13T12:49:47Z,http://purl.dataone.org/odo/ECSO_00002040,time of measurement,The Ecosystem Ontology,WEIRD,NA,NA,NA,dp was never annotated,TRUE
doi:10.18739/A2BZ6189J,tas_wrf_cesmle_002_1996_2005_JJA_d_adj.nc,time,NA,Time hours since 1800-01-01 00:00:00,nominalHour,https://search.dataone.org/view/doi:10.18739/A2BZ6189J,2020-11-13T12:49:47Z,http://purl.dataone.org/odo/ECSO_00002040,time of measurement,The Ecosystem Ontology,WEIRD,NA,NA,NA,dp was never annotated,TRUE
doi:10.18739/A2BZ6189J,tas_wrf_cesmle_003_1996_2005_JJA_d_adj.nc,time,NA,Time hours since 1800-01-01 00:00:00,nominalHour,https://search.dataone.org/view/doi:10.18739/A2BZ6189J,2020-11-13T12:49:47Z,http://purl.dataone.org/odo/ECSO_00002040,time of measurement,The Ecosystem Ontology,WEIRD,NA,NA,NA,dp was never annotated,TRUE
doi:10.18739/A2BZ6189J,tas_wrf_cesmle_004_1996_2005_JJA_d_adj.nc,time,NA,Time hours since 1800-01-01 00:00:00,nominalHour,https://search.dataone.org/view/doi:10.18739/A2BZ6189J,2020-11-13T12:49:47Z,http://purl.dataone.org/odo/ECSO_00002040,time of measurement,The Ecosystem Ontology,WEIRD,NA,NA,NA,dp was never annotated,TRUE
doi:10.18739/A2BZ6189J,tas_wrf_cesmle_005_1996_2005_JJA_d_adj.nc,time,NA,Time hours since 1800-01-01 00:00:00,nominalHour,https://search.dataone.org/view/doi:10.18739/A2BZ6189J,2020-11-13T12:49:47Z,http://purl.dataone.org/odo/ECSO_00002040,time of measurement,The Ecosystem Ontology,WEIRD,NA,NA,NA,dp was never annotated,TRUE
doi:10.18739/A2BZ6189J,tas_wrf_cesmle_006_1996_2005_JJA_d_adj.nc,time,NA,Time hours since 1800-01-01 00:00:00,nominalHour,https://search.dataone.org/view/doi:10.18739/A2BZ6189J,2020-11-13T12:49:47Z,http://purl.dataone.org/odo/ECSO_00002040,time of measurement,The Ecosystem Ontology,WEIRD,NA,NA,NA,dp was never annotated,TRUE
doi:10.18739/A2BZ6189J,tas_wrf_cesmle_007_1996_2005_JJA_d_adj.nc,time,NA,Time hours since 1800-01-01 00:00:00,nominalHour,https://search.dataone.org/view/doi:10.18739/A2BZ6189J,2020-11-13T12:49:47Z,http://purl.dataone.org/odo/ECSO_00002040,time of measurement,The Ecosystem Ontology,WEIRD,NA,NA,NA,dp was never annotated,TRUE
doi:10.18739/A2BZ6189J,tas_wrf_cesmle_008_1996_2005_JJA_d_adj.nc,time,NA,Time hours since 1800-01-01 00:00:00,nominalHour,https://search.dataone.org/view/doi:10.18739/A2BZ6189J,2020-11-13T12:49:47Z,http://purl.dataone.org/odo/ECSO_00002040,time of measurement,The Ecosystem Ontology,WEIRD,NA,NA,NA,dp was never annotated,TRUE
doi:10.18739/A2BZ6189J,tas_wrf_cesmle_009_1996_2005_JJA_d_adj.nc,time,NA,Time hours since 1800-01-01 00:00:00,nominalHour,https://search.dataone.org/view/doi:10.18739/A2BZ6189J,2020-11-13T12:49:47Z,http://purl.dataone.org/odo/ECSO_00002040,time of measurement,The Ecosystem Ontology,WEIRD,NA,NA,NA,dp was never annotated,TRUE
doi:10.18739/A2BZ6189J,tas_wrf_cesmle_010_1996_2005_JJA_d_adj.nc,time,NA,Time hours since 1800-01-01 00:00:00,nominalHour,https://search.dataone.org/view/doi:10.18739/A2BZ6189J,2020-11-13T12:49:47Z,http://purl.dataone.org/odo/ECSO_00002040,time of measurement,The Ecosystem Ontology,WEIRD,NA,NA,NA,dp was never annotated,TRUE
doi:10.18739/A2BZ6189J,tas_wrf_cesmle_ens_1996_2005_JJA_d_adj.nc,time,NA,Time hours since 1800-01-01 00:00:00,nominalHour,https://search.dataone.org/view/doi:10.18739/A2BZ6189J,2020-11-13T12:49:47Z,http://purl.dataone.org/odo/ECSO_00002040,time of measurement,The Ecosystem Ontology,WEIRD,NA,NA,NA,dp was never annotated,TRUE
doi:10.18739/A2BZ6189J,icesheet_mask.nc,time,NA,Mean days since 1978-12-31,nominalDay,https://search.dataone.org/view/doi:10.18739/A2BZ6189J,2020-11-13T12:49:47Z,http://purl.dataone.org/odo/ECSO_00002040,time of measurement,The Ecosystem Ontology,WEIRD,NA,NA,NA,dp was never annotated,TRUE
doi:10.18739/A2BZ6189J,Mote_1996_2015_JJA.nc,time,NA,Days since 1978-12-31,nominalDay,https://search.dataone.org/view/doi:10.18739/A2BZ6189J,2020-11-13T12:49:47Z,http://purl.dataone.org/odo/ECSO_00002040,time of measurement,The Ecosystem Ontology,WEIRD,NA,NA,NA,dp was never annotated,TRUE
doi:10.18739/A2MP4VN5F,Incubation rates,Time,NA,Time in days,nominalDay,https://search.dataone.org/view/doi:10.18739/A2MP4VN5F,2020-11-13T12:49:47Z,http://purl.dataone.org/odo/ECSO_00002040,time of measurement,The Ecosystem Ontology,WEIRD,NA,NA,NA,dp was never annotated,TRUE
doi:10.18739/A2MP4VN5F,incubation_rates.csv,Time,NA,Time in days,nominalDay,https://search.dataone.org/view/doi:10.18739/A2MP4VN5F,2020-11-13T12:49:47Z,http://purl.dataone.org/odo/ECSO_00002040,time of measurement,The Ecosystem Ontology,WEIRD,NA,NA,NA,dp was never annotated,TRUE
doi:10.18739/A2R785Q1D,wrfout_d01_YYYY-MM-DD_HH:00:00.nc,time,NA,Time of simulation in hours since 1800-01-01 00:00:00,nominalHour,https://search.dataone.org/view/doi:10.18739/A2R785Q1D,2020-11-13T12:49:47Z,http://purl.dataone.org/odo/ECSO_00002040,time of measurement,The Ecosystem Ontology,WEIRD,NA,NA,NA,dp was never annotated,TRUE
doi:10.18739/A2RF5KF5N,Imnavait_Tracer_concentrations_over_time.csv,Time,NA,1: samples collected five hours after bromide application2: samples collected eight hours after bromide application (no data from hillslope site because lysimeters were dry) 3-13: samples collected once daily for 10 days after bromide application,NA,https://search.dataone.org/view/doi:10.18739/A2RF5KF5N,2020-11-13T12:49:47Z,http://purl.dataone.org/odo/ECSO_00002040,time of measurement,The Ecosystem Ontology,WEIRD,NA,NA,NA,dp was never annotated,TRUE
doi:10.18739/A22Z12P9Z,Barrow_OM_Barrow_20080302_R1_thru20100304.ict,collTime,NA,collection time in hours,hour,https://search.dataone.org/view/doi:10.18739/A22Z12P9Z,2020-11-13T12:49:47Z,http://purl.dataone.org/odo/ECSO_00002067,hours elapsed,The Ecosystem Ontology,WEIRD,NA,NA,NA,dp was never annotated,TRUE
doi:10.18739/A20P0WR72,wrfout_d01_YYYY-MM-DD_HH:00:00.nc,ITIMESTEP,NA,elapsed time since start of run,nominalMinute,https://search.dataone.org/view/doi:10.18739/A20P0WR72,2020-11-13T12:49:47Z,http://purl.dataone.org/odo/ECSO_00002238,minutes elapsed,The Ecosystem Ontology,WEIRD,NA,NA,NA,dp was never annotated,TRUE
doi:10.18739/A20P0WR72,wrfout_d01_YYYY-MM-DD_HH:00:00.nc,XTIME,NA,minutes since 2071-05-31 00:00:00,nominalMinute,https://search.dataone.org/view/doi:10.18739/A20P0WR72,2020-11-13T12:49:47Z,http://purl.dataone.org/odo/ECSO_00002238,minutes elapsed,The Ecosystem Ontology,WEIRD,NA,NA,NA,dp was never annotated,TRUE
doi:10.18739/A2862BC5Z,wrfout_d01_YYYY-MM-DD_HH:00:00.nc,ITIMESTEP,NA,elapsed time since start of run,nominalMinute,https://search.dataone.org/view/doi:10.18739/A2862BC5Z,2020-11-13T12:49:47Z,http://purl.dataone.org/odo/ECSO_00002238,minutes elapsed,The Ecosystem Ontology,WEIRD,NA,NA,NA,dp was never annotated,TRUE
doi:10.18739/A2862BC5Z,wrfout_d01_YYYY-MM-DD_HH:00:00.nc,XTIME,NA,minutes since 2071-05-31 00:00:00,nominalMinute,https://search.dataone.org/view/doi:10.18739/A2862BC5Z,2020-11-13T12:49:47Z,http://purl.dataone.org/odo/ECSO_00002238,minutes elapsed,The Ecosystem Ontology,WEIRD,NA,NA,NA,dp was never annotated,TRUE
doi:10.18739/A2MG7FW84,wrfout_d01_YYYY-MM-DD_HH:00:00.nc,ITIMESTEP,NA,elapsed time since start of run,nominalMinute,https://search.dataone.org/view/doi:10.18739/A2MG7FW84,2020-11-13T12:49:47Z,http://purl.dataone.org/odo/ECSO_00002238,minutes elapsed,The Ecosystem Ontology,WEIRD,NA,NA,NA,dp was never annotated,TRUE
doi:10.18739/A2MG7FW84,wrfout_d01_YYYY-MM-DD_HH:00:00.nc,XTIME,NA,minutes since 2071-05-31 00:00:00,nominalMinute,https://search.dataone.org/view/doi:10.18739/A2MG7FW84,2020-11-13T12:49:47Z,http://purl.dataone.org/odo/ECSO_00002238,minutes elapsed,The Ecosystem Ontology,WEIRD,NA,NA,NA,dp was never annotated,TRUE
doi:10.18739/A2VX0642G,wrfout_d01_YYYY-MM-DD_HH:00:00.nc,ITIMESTEP,NA,elapsed time since start of run,nominalMinute,https://search.dataone.org/view/doi:10.18739/A2VX0642G,2020-11-13T12:49:47Z,http://purl.dataone.org/odo/ECSO_00002238,minutes elapsed,The Ecosystem Ontology,WEIRD,NA,NA,NA,dp was never annotated,TRUE
doi:10.18739/A2VX0642G,wrfout_d01_YYYY-MM-DD_HH:00:00.nc,XTIME,NA,minutes since 2071-05-31 00:00:00,nominalMinute,https://search.dataone.org/view/doi:10.18739/A2VX0642G,2020-11-13T12:49:47Z,http://purl.dataone.org/odo/ECSO_00002238,minutes elapsed,The Ecosystem Ontology,WEIRD,NA,NA,NA,dp was never annotated,TRUE
doi:10.18739/A21G0HV2P,JarvisWatershedSnow_2011_2016.txt,Site,NA,Site at Jarvis Creek where measurements were taken,NA,https://search.dataone.org/view/doi:10.18739/A21G0HV2P,2020-10-12T16:44:43Z,http://purl.dataone.org/odo/ECSO_00002997,site identifier,The Ecosystem Ontology,WEIRD,NA,NA,NA,dp has at least one annotation,TRUE
doi:10.18739/A2CJ87K8H,SAR Dates,Site,NA,Lake,NA,https://search.dataone.org/view/doi:10.18739/A2CJ87K8H,2020-10-12T16:44:43Z,http://purl.dataone.org/odo/ECSO_00002997,site identifier,The Ecosystem Ontology,WEIRD,NA,NA,NA,dp has at least one annotation,TRUE
doi:10.18739/A29G5GD77,SWE_ablation_data_Imnavait.1985-2013.txt,SiteID,NA,Site identifier,NA,https://search.dataone.org/view/doi:10.18739/A29G5GD77,2020-11-13T12:49:47Z,http://purl.dataone.org/odo/ECSO_00002997,site identifier,The Ecosystem Ontology,WEIRD,NA,NA,NA,dp was never annotated,TRUE
doi:10.18739/A29G5GD77,SWE_watershed_average_Imnavait_1985_2017.txt,Site ID,NA,Site identification,NA,https://search.dataone.org/view/doi:10.18739/A29G5GD77,2020-11-13T12:49:47Z,http://purl.dataone.org/odo/ECSO_00002997,site identifier,The Ecosystem Ontology,WEIRD,NA,NA,NA,dp was never annotated,TRUE
doi:10.18739/A29G5GD77,snow_depth_density_Imnavait_1998_2017.txt,SiteID,NA,Identification of the snow survey site,NA,https://search.dataone.org/view/doi:10.18739/A29G5GD77,2020-11-13T12:49:47Z,http://purl.dataone.org/odo/ECSO_00002997,site identifier,The Ecosystem Ontology,WEIRD,NA,NA,NA,dp was never annotated,TRUE
doi:10.18739/A29G5GD77,snow_depth_swe_Imnavait_1985_1997.txt,Site Name,NA,Name of the watershed,NA,https://search.dataone.org/view/doi:10.18739/A29G5GD77,2020-11-13T12:49:47Z,http://purl.dataone.org/odo/ECSO_00002997,site identifier,The Ecosystem Ontology,WEIRD,NA,NA,NA,dp was never annotated,TRUE
doi:10.18739/A2PK0723G,WFPS.csv,Site,NA,Site at which soil cores were extracted.,NA,https://search.dataone.org/view/doi:10.18739/A2PK0723G,2020-11-13T12:49:47Z,http://purl.dataone.org/odo/ECSO_00002997,site identifier,The Ecosystem Ontology,WEIRD,NA,NA,NA,dp was never annotated,TRUE
doi:10.18739/A2RF5KF5N,Imnavait_NMR_ppm.csv,Site,NA,Lysimeters were installed in the hillslope (approx. 50 m from the hill crest) or in the riparian zone (approx. 50 m from Imnavait Creek).,NA,https://search.dataone.org/view/doi:10.18739/A2RF5KF5N,2020-11-13T12:49:47Z,http://purl.dataone.org/odo/ECSO_00002997,site identifier,The Ecosystem Ontology,WEIRD,NA,NA,NA,dp was never annotated,TRUE
doi:10.18739/A2RF5KF5N,Imnavait_Tracer_concentrations_over_time.csv,Site,NA,Lysimeters were installed in the hillslope (approx. 50 m from the hill crest) or in the riparian zone (approx. 50 m from Imnavait Creek).,NA,https://search.dataone.org/view/doi:10.18739/A2RF5KF5N,2020-11-13T12:49:47Z,http://purl.dataone.org/odo/ECSO_00002997,site identifier,The Ecosystem Ontology,WEIRD,NA,NA,NA,dp was never annotated,TRUE
doi:10.18739/A2RF5KF5N,Imnavait_Pore_water_chemistries.csv,Site,NA,Lysimeters were installed in the hillslope (approx. 50 m from the hill crest) or in the riparian zone (approx. 50 m from Imnavait Creek).,NA,https://search.dataone.org/view/doi:10.18739/A2RF5KF5N,2020-11-13T12:49:47Z,http://purl.dataone.org/odo/ECSO_00002997,site identifier,The Ecosystem Ontology,WEIRD,NA,NA,NA,dp was never annotated,TRUE
doi:10.18739/A2RF5KF5N,Imnavait_Spatial_Characteristics.csv,Site,NA,Lysimeters were installed in the hillslope (approx. 50 m from the hill crest) or in the riparian zone (approx. 50 m from Imnavait Creek).,NA,https://search.dataone.org/view/doi:10.18739/A2RF5KF5N,2020-11-13T12:49:47Z,http://purl.dataone.org/odo/ECSO_00002997,site identifier,The Ecosystem Ontology,WEIRD,NA,NA,NA,dp was never annotated,TRUE
doi:10.18739/A28K74X6T,arcsees_2016datarpt_tbl_A.2A_A.2B_enviro_plotdata.csv,TRANSECT AND PLOT DISTANCE FROM ROAD IN METERS,NA,Transect identification - plot distance from the road,NA,https://search.dataone.org/view/doi:10.18739/A28K74X6T,2020-10-12T16:44:43Z,http://purl.dataone.org/odo/ECSO_00002213,transect identifier,The Ecosystem Ontology,WEIRD,NA,NA,NA,dp has at least one annotation,TRUE
doi:10.18739/A28K74X6T,arcsees_2016datarpt_tbl_A.2AS_A2BS_statistics_transects.csv,TRANSECT NUMBER - TYPE OF SUMMARY DATA,NA,Transect identification number,NA,https://search.dataone.org/view/doi:10.18739/A28K74X6T,2020-10-12T16:44:43Z,http://purl.dataone.org/odo/ECSO_00002213,transect identifier,The Ecosystem Ontology,WEIRD,NA,NA,NA,dp has at least one annotation,TRUE
doi:10.18739/A28K74X6T,arcsees_2016datarpt_tbl_A.3A_A.3B_releve_snowdata.csv,TRANSECT-DISTANCE IN METERS-C-CENTER OR T-TROUGH,NA,transect identification number,NA,https://search.dataone.org/view/doi:10.18739/A28K74X6T,2020-10-12T16:44:43Z,http://purl.dataone.org/odo/ECSO_00002213,transect identifier,The Ecosystem Ontology,WEIRD,NA,NA,NA,dp has at least one annotation,TRUE
doi:10.18739/A28K74X6T,arcsees_2016datarpt_tbl_A.3A1_A.3B1_meanstddev_releve_snowdata.csv,TRANSECT NUMBER AND TYPE OF STATISTICAL DATA,NA,transect identification number,NA,https://search.dataone.org/view/doi:10.18739/A28K74X6T,2020-10-12T16:44:43Z,http://purl.dataone.org/odo/ECSO_00002213,transect identifier,The Ecosystem Ontology,WEIRD,NA,NA,NA,dp has at least one annotation,TRUE
doi:10.18739/A28K74X6T,arcsees_2016datarpt_tbl_A.3AS_A.3B_statistics_releve_snowdata.csv,TRANSECT NUMBER AND SUMMARY DATA,NA,Transect identification number,NA,https://search.dataone.org/view/doi:10.18739/A28K74X6T,2020-10-12T16:44:43Z,http://purl.dataone.org/odo/ECSO_00002213,transect identifier,The Ecosystem Ontology,WEIRD,NA,NA,NA,dp has at least one annotation,TRUE
doi:10.18739/A28K74X6T,arcsees_2016datarpt_tbl_A.5A_mean_ann_temp_transect.csv,TRANSECT NUMBERDISTANCE FROM ROAD,NA,Transect identification number,NA,https://search.dataone.org/view/doi:10.18739/A28K74X6T,2020-10-12T16:44:43Z,http://purl.dataone.org/odo/ECSO_00002213,transect identifier,The Ecosystem Ontology,WEIRD,NA,NA,NA,dp has at least one annotation,TRUE
doi:10.18739/A28K74X6T,arcsees_2016datarpt_tbl_A.5B_mean_ann_temp_temps_vegplots.csv,TRANSECT NUMBER,NA,transect identification number,NA,https://search.dataone.org/view/doi:10.18739/A28K74X6T,2020-10-12T16:44:43Z,http://purl.dataone.org/odo/ECSO_00002213,transect identifier,The Ecosystem Ontology,WEIRD,NA,NA,NA,dp has at least one annotation,TRUE
doi:10.18739/A28K74X6T,arcsees_2016datarpt_tbl_A.6_temp_loggerdata.csv,TRANSECT NUMBER-DISTANCE FROM ROAD IN METERS-CENTER OR TROUGH,NA,Transect identification number,NA,https://search.dataone.org/view/doi:10.18739/A28K74X6T,2020-10-12T16:44:43Z,http://purl.dataone.org/odo/ECSO_00002213,transect identifier,The Ecosystem Ontology,WEIRD,NA,NA,NA,dp has at least one annotation,TRUE
doi:10.18739/A28K74X6T,arcsees_2016datarpt_tbl_A.2A_A.2B_enviro_plotdata.xlsx,TRANSECT AND PLOT DISTANCE FROM ROAD IN METERS,NA,Transect identification - plot distance from the road,NA,https://search.dataone.org/view/doi:10.18739/A28K74X6T,2020-10-12T16:44:43Z,http://purl.dataone.org/odo/ECSO_00002213,transect identifier,The Ecosystem Ontology,WEIRD,NA,NA,NA,dp has at least one annotation,TRUE
doi:10.18739/A28K74X6T,arcsees_2016datarpt_tbl_A.2AS_A2BS_statistics_transects.xlsx,TRANSECT NUMBER - TYPE OF SUMMARY DATA,NA,Transect identification number,NA,https://search.dataone.org/view/doi:10.18739/A28K74X6T,2020-10-12T16:44:43Z,http://purl.dataone.org/odo/ECSO_00002213,transect identifier,The Ecosystem Ontology,WEIRD,NA,NA,NA,dp has at least one annotation,TRUE
doi:10.18739/A28K74X6T,arcsees_2016datarpt_tbl_A.3A_A.3B_releve_snowdata.xlsx,TRANSECT-DISTANCE IN METERS-C-CENTER OR T-TROUGH,NA,transect identification number,NA,https://search.dataone.org/view/doi:10.18739/A28K74X6T,2020-10-12T16:44:43Z,http://purl.dataone.org/odo/ECSO_00002213,transect identifier,The Ecosystem Ontology,WEIRD,NA,NA,NA,dp has at least one annotation,TRUE
doi:10.18739/A28K74X6T,arcsees_2016datarpt_tbl_A.3A1_A.3B1_meanstddev_releve_snowdata.xlsx,TRANSECT NUMBER AND TYPE OF STATISTICAL DATA,NA,transect identification number,NA,https://search.dataone.org/view/doi:10.18739/A28K74X6T,2020-10-12T16:44:43Z,http://purl.dataone.org/odo/ECSO_00002213,transect identifier,The Ecosystem Ontology,WEIRD,NA,NA,NA,dp has at least one annotation,TRUE
doi:10.18739/A28K74X6T,arcsees_2016datarpt_tbl_A.3AS_A.3B_statistics_releve_snowdata.xlsx,TRANSECT NUMBER AND SUMMARY DATA,NA,Transect identification number,NA,https://search.dataone.org/view/doi:10.18739/A28K74X6T,2020-10-12T16:44:43Z,http://purl.dataone.org/odo/ECSO_00002213,transect identifier,The Ecosystem Ontology,WEIRD,NA,NA,NA,dp has at least one annotation,TRUE
doi:10.18739/A28K74X6T,arcsees_2016datarpt_tbl_A.5A_mean_ann_temp_transect.xlsx,TRANSECT NUMBERDISTANCE FROM ROAD,NA,Transect identification number,NA,https://search.dataone.org/view/doi:10.18739/A28K74X6T,2020-10-12T16:44:43Z,http://purl.dataone.org/odo/ECSO_00002213,transect identifier,The Ecosystem Ontology,WEIRD,NA,NA,NA,dp has at least one annotation,TRUE
doi:10.18739/A28K74X6T,arcsees_2016datarpt_tbl_A.5B_mean_ann_temp_temps_vegplots.xlsx,TRANSECT NUMBER,NA,transect identification number,NA,https://search.dataone.org/view/doi:10.18739/A28K74X6T,2020-10-12T16:44:43Z,http://purl.dataone.org/odo/ECSO_00002213,transect identifier,The Ecosystem Ontology,WEIRD,NA,NA,NA,dp has at least one annotation,TRUE
doi:10.18739/A28K74X6T,arcsees_2016datarpt_tbl_A.6_temp_loggerdata.xlsx,TRANSECT NUMBER-DISTANCE FROM ROAD IN METERS-CENTER OR TROUGH,NA,Transect identification number,NA,https://search.dataone.org/view/doi:10.18739/A28K74X6T,2020-10-12T16:44:43Z,http://purl.dataone.org/odo/ECSO_00002213,transect identifier,The Ecosystem Ontology,WEIRD,NA,NA,NA,dp has at least one annotation,TRUE
doi:10.18739/A20P0WR72,wrfout_d01_YYYY-MM-DD_HH:00:00.nc,TSLB,NA,SOIL TEMPERATURE,kelvin,https://search.dataone.org/view/doi:10.18739/A20P0WR72,2020-11-13T12:49:47Z,http://purl.dataone.org/odo/ECSO_00001230,Soil Temperature,The Ecosystem Ontology,WEIRD,NA,NA,NA,dp was never annotated,TRUE
doi:10.18739/A20P0WR72,wrfout_d01_YYYY-MM-DD_HH:00:00.nc,TMN,NA,SOIL TEMPERATURE AT LOWER BOUNDARY,kelvin,https://search.dataone.org/view/doi:10.18739/A20P0WR72,2020-11-13T12:49:47Z,http://purl.dataone.org/odo/ECSO_00001230,Soil Temperature,The Ecosystem Ontology,WEIRD,NA,NA,NA,dp was never annotated,TRUE
doi:10.18739/A2862BC5Z,wrfout_d01_YYYY-MM-DD_HH:00:00.nc,TSLB,NA,SOIL TEMPERATURE,kelvin,https://search.dataone.org/view/doi:10.18739/A2862BC5Z,2020-11-13T12:49:47Z,http://purl.dataone.org/odo/ECSO_00001230,Soil Temperature,The Ecosystem Ontology,WEIRD,NA,NA,NA,dp was never annotated,TRUE
doi:10.18739/A2862BC5Z,wrfout_d01_YYYY-MM-DD_HH:00:00.nc,TMN,NA,SOIL TEMPERATURE AT LOWER BOUNDARY,kelvin,https://search.dataone.org/view/doi:10.18739/A2862BC5Z,2020-11-13T12:49:47Z,http://purl.dataone.org/odo/ECSO_00001230,Soil Temperature,The Ecosystem Ontology,WEIRD,NA,NA,NA,dp was never annotated,TRUE
doi:10.18739/A2MG7FW84,wrfout_d01_YYYY-MM-DD_HH:00:00.nc,TSLB,NA,SOIL TEMPERATURE,kelvin,https://search.dataone.org/view/doi:10.18739/A2MG7FW84,2020-11-13T12:49:47Z,http://purl.dataone.org/odo/ECSO_00001230,Soil Temperature,The Ecosystem Ontology,WEIRD,NA,NA,NA,dp was never annotated,TRUE
doi:10.18739/A2MG7FW84,wrfout_d01_YYYY-MM-DD_HH:00:00.nc,TMN,NA,SOIL TEMPERATURE AT LOWER BOUNDARY,kelvin,https://search.dataone.org/view/doi:10.18739/A2MG7FW84,2020-11-13T12:49:47Z,http://purl.dataone.org/odo/ECSO_00001230,Soil Temperature,The Ecosystem Ontology,WEIRD,NA,NA,NA,dp was never annotated,TRUE
doi:10.18739/A2VX0642G,wrfout_d01_YYYY-MM-DD_HH:00:00.nc,TSLB,NA,SOIL TEMPERATURE,kelvin,https://search.dataone.org/view/doi:10.18739/A2VX0642G,2020-11-13T12:49:47Z,http://purl.dataone.org/odo/ECSO_00001230,Soil Temperature,The Ecosystem Ontology,WEIRD,NA,NA,NA,dp was never annotated,TRUE
doi:10.18739/A2VX0642G,wrfout_d01_YYYY-MM-DD_HH:00:00.nc,TMN,NA,SOIL TEMPERATURE AT LOWER BOUNDARY,kelvin,https://search.dataone.org/view/doi:10.18739/A2VX0642G,2020-11-13T12:49:47Z,http://purl.dataone.org/odo/ECSO_00001230,Soil Temperature,The Ecosystem Ontology,WEIRD,NA,NA,NA,dp was never annotated,TRUE
doi:10.18739/A2BZ6189J,tas_wrf_erai_1996_2005_JJA_d.nc,tas,NA,Temperature at 2 m above surface,celsius,https://search.dataone.org/view/doi:10.18739/A2BZ6189J,2020-11-13T12:49:47Z,http://purl.dataone.org/odo/ECSO_00002799,temperature above ice surface,The Ecosystem Ontology,WEIRD,NA,NA,NA,dp was never annotated,TRUE
doi:10.18739/A2BZ6189J,tas_wrf_cesmlw_ens_2071_2080_JJA_d_adj.nc,tas,NA,Temperature at 2 m above surface,celsius,https://search.dataone.org/view/doi:10.18739/A2BZ6189J,2020-11-13T12:49:47Z,http://purl.dataone.org/odo/ECSO_00002799,temperature above ice surface,The Ecosystem Ontology,WEIRD,NA,NA,NA,dp was never annotated,TRUE
doi:10.18739/A2BZ6189J,tas_wrf_cesmle_001_2071_2080_JJA_d_adj.nc,tas,NA,Temperature at 2 m above surface,celsius,https://search.dataone.org/view/doi:10.18739/A2BZ6189J,2020-11-13T12:49:47Z,http://purl.dataone.org/odo/ECSO_00002799,temperature above ice surface,The Ecosystem Ontology,WEIRD,NA,NA,NA,dp was never annotated,TRUE
doi:10.18739/A2BZ6189J,tas_wrf_cesmle_002_2071_2080_JJA_d_adj.nc,tas,NA,Temperature at 2 m above surface,celsius,https://search.dataone.org/view/doi:10.18739/A2BZ6189J,2020-11-13T12:49:47Z,http://purl.dataone.org/odo/ECSO_00002799,temperature above ice surface,The Ecosystem Ontology,WEIRD,NA,NA,NA,dp was never annotated,TRUE
doi:10.18739/A2BZ6189J,tas_wrf_cesmle_003_2071_2080_JJA_d_adj.nc,tas,NA,Temperature at 2 m above surface,celsius,https://search.dataone.org/view/doi:10.18739/A2BZ6189J,2020-11-13T12:49:47Z,http://purl.dataone.org/odo/ECSO_00002799,temperature above ice surface,The Ecosystem Ontology,WEIRD,NA,NA,NA,dp was never annotated,TRUE
doi:10.18739/A2BZ6189J,tas_wrf_cesmle_004_2071_2080_JJA_d_adj.nc,tas,NA,Temperature at 2 m above surface,celsius,https://search.dataone.org/view/doi:10.18739/A2BZ6189J,2020-11-13T12:49:47Z,http://purl.dataone.org/odo/ECSO_00002799,temperature above ice surface,The Ecosystem Ontology,WEIRD,NA,NA,NA,dp was never annotated,TRUE
doi:10.18739/A2BZ6189J,tas_wrf_cesmle_005_2071_2080_JJA_d_adj.nc,tas,NA,Temperature at 2 m above surface,celsius,https://search.dataone.org/view/doi:10.18739/A2BZ6189J,2020-11-13T12:49:47Z,http://purl.dataone.org/odo/ECSO_00002799,temperature above ice surface,The Ecosystem Ontology,WEIRD,NA,NA,NA,dp was never annotated,TRUE
doi:10.18739/A2BZ6189J,tas_wrf_cesmle_006_2071_2080_JJA_d_adj.nc,tas,NA,Temperature at 2 m above surface,celsius,https://search.dataone.org/view/doi:10.18739/A2BZ6189J,2020-11-13T12:49:47Z,http://purl.dataone.org/odo/ECSO_00002799,temperature above ice surface,The Ecosystem Ontology,WEIRD,NA,NA,NA,dp was never annotated,TRUE
doi:10.18739/A2BZ6189J,tas_wrf_cesmle_007_2071_2080_JJA_d_adj.nc,tas,NA,Temperature at 2 m above surface,celsius,https://search.dataone.org/view/doi:10.18739/A2BZ6189J,2020-11-13T12:49:47Z,http://purl.dataone.org/odo/ECSO_00002799,temperature above ice surface,The Ecosystem Ontology,WEIRD,NA,NA,NA,dp was never annotated,TRUE
doi:10.18739/A2BZ6189J,tas_wrf_cesmle_008_2071_2080_JJA_d_adj.nc,tas,NA,Temperature at 2 m above surface,celsius,https://search.dataone.org/view/doi:10.18739/A2BZ6189J,2020-11-13T12:49:47Z,http://purl.dataone.org/odo/ECSO_00002799,temperature above ice surface,The Ecosystem Ontology,WEIRD,NA,NA,NA,dp was never annotated,TRUE
doi:10.18739/A2BZ6189J,tas_wrf_cesmle_009_2071_2080_JJA_d_adj.nc,tas,NA,Temperature at 2 m above surface,celsius,https://search.dataone.org/view/doi:10.18739/A2BZ6189J,2020-11-13T12:49:47Z,http://purl.dataone.org/odo/ECSO_00002799,temperature above ice surface,The Ecosystem Ontology,WEIRD,NA,NA,NA,dp was never annotated,TRUE
doi:10.18739/A2BZ6189J,tas_wrf_cesmle_010_2071_2080_JJA_d_adj.nc,tas,NA,Temperature at 2 m above surface,celsius,https://search.dataone.org/view/doi:10.18739/A2BZ6189J,2020-11-13T12:49:47Z,http://purl.dataone.org/odo/ECSO_00002799,temperature above ice surface,The Ecosystem Ontology,WEIRD,NA,NA,NA,dp was never annotated,TRUE
doi:10.18739/A2BZ6189J,tas_wrf_cesmle_ens_2071_2080_JJA_d_adj.nc,tas,NA,Temperature at 2 m above surface,celsius,https://search.dataone.org/view/doi:10.18739/A2BZ6189J,2020-11-13T12:49:47Z,http://purl.dataone.org/odo/ECSO_00002799,temperature above ice surface,The Ecosystem Ontology,WEIRD,NA,NA,NA,dp was never annotated,TRUE
doi:10.18739/A2BZ6189J,tas_wrf_cesmle_001_1996_2005_JJA_d_adj.nc,tas,NA,Temperature at 2 m above surface,celsius,https://search.dataone.org/view/doi:10.18739/A2BZ6189J,2020-11-13T12:49:47Z,http://purl.dataone.org/odo/ECSO_00002799,temperature above ice surface,The Ecosystem Ontology,WEIRD,NA,NA,NA,dp was never annotated,TRUE
doi:10.18739/A2BZ6189J,tas_wrf_cesmle_002_1996_2005_JJA_d_adj.nc,tas,NA,Temperature at 2 m above surface,celsius,https://search.dataone.org/view/doi:10.18739/A2BZ6189J,2020-11-13T12:49:47Z,http://purl.dataone.org/odo/ECSO_00002799,temperature above ice surface,The Ecosystem Ontology,WEIRD,NA,NA,NA,dp was never annotated,TRUE
doi:10.18739/A2BZ6189J,tas_wrf_cesmle_003_1996_2005_JJA_d_adj.nc,tas,NA,Temperature at 2 m above surface,celsius,https://search.dataone.org/view/doi:10.18739/A2BZ6189J,2020-11-13T12:49:47Z,http://purl.dataone.org/odo/ECSO_00002799,temperature above ice surface,The Ecosystem Ontology,WEIRD,NA,NA,NA,dp was never annotated,TRUE
doi:10.18739/A2BZ6189J,tas_wrf_cesmle_004_1996_2005_JJA_d_adj.nc,tas,NA,Temperature at 2 m above surface,celsius,https://search.dataone.org/view/doi:10.18739/A2BZ6189J,2020-11-13T12:49:47Z,http://purl.dataone.org/odo/ECSO_00002799,temperature above ice surface,The Ecosystem Ontology,WEIRD,NA,NA,NA,dp was never annotated,TRUE
doi:10.18739/A2BZ6189J,tas_wrf_cesmle_005_1996_2005_JJA_d_adj.nc,tas,NA,Temperature at 2 m above surface,celsius,https://search.dataone.org/view/doi:10.18739/A2BZ6189J,2020-11-13T12:49:47Z,http://purl.dataone.org/odo/ECSO_00002799,temperature above ice surface,The Ecosystem Ontology,WEIRD,NA,NA,NA,dp was never annotated,TRUE
doi:10.18739/A2BZ6189J,tas_wrf_cesmle_006_1996_2005_JJA_d_adj.nc,tas,NA,Temperature at 2 m above surface,celsius,https://search.dataone.org/view/doi:10.18739/A2BZ6189J,2020-11-13T12:49:47Z,http://purl.dataone.org/odo/ECSO_00002799,temperature above ice surface,The Ecosystem Ontology,WEIRD,NA,NA,NA,dp was never annotated,TRUE
doi:10.18739/A2BZ6189J,tas_wrf_cesmle_007_1996_2005_JJA_d_adj.nc,tas,NA,Temperature at 2 m above surface,celsius,https://search.dataone.org/view/doi:10.18739/A2BZ6189J,2020-11-13T12:49:47Z,http://purl.dataone.org/odo/ECSO_00002799,temperature above ice surface,The Ecosystem Ontology,WEIRD,NA,NA,NA,dp was never annotated,TRUE
doi:10.18739/A2BZ6189J,tas_wrf_cesmle_008_1996_2005_JJA_d_adj.nc,tas,NA,Temperature at 2 m above surface,celsius,https://search.dataone.org/view/doi:10.18739/A2BZ6189J,2020-11-13T12:49:47Z,http://purl.dataone.org/odo/ECSO_00002799,temperature above ice surface,The Ecosystem Ontology,WEIRD,NA,NA,NA,dp was never annotated,TRUE
doi:10.18739/A2BZ6189J,tas_wrf_cesmle_009_1996_2005_JJA_d_adj.nc,tas,NA,Temperature at 2 m above surface,celsius,https://search.dataone.org/view/doi:10.18739/A2BZ6189J,2020-11-13T12:49:47Z,http://purl.dataone.org/odo/ECSO_00002799,temperature above ice surface,The Ecosystem Ontology,WEIRD,NA,NA,NA,dp was never annotated,TRUE
doi:10.18739/A2BZ6189J,tas_wrf_cesmle_010_1996_2005_JJA_d_adj.nc,tas,NA,Temperature at 2 m above surface,celsius,https://search.dataone.org/view/doi:10.18739/A2BZ6189J,2020-11-13T12:49:47Z,http://purl.dataone.org/odo/ECSO_00002799,temperature above ice surface,The Ecosystem Ontology,WEIRD,NA,NA,NA,dp was never annotated,TRUE
doi:10.18739/A2BZ6189J,tas_wrf_cesmle_ens_1996_2005_JJA_d_adj.nc,tas,NA,Temperature at 2 m above surface,celsius,https://search.dataone.org/view/doi:10.18739/A2BZ6189J,2020-11-13T12:49:47Z,http://purl.dataone.org/odo/ECSO_00002799,temperature above ice surface,The Ecosystem Ontology,WEIRD,NA,NA,NA,dp was never annotated,TRUE
doi:10.18739/A29G5GD77,SWE_ablation_data_Imnavait.1985-2013.txt,1985,NA,Snow water equivalent in millimeters in year 1985,millimeter,https://search.dataone.org/view/doi:10.18739/A29G5GD77,2020-11-13T12:49:47Z,http://purl.dataone.org/odo/ECSO_00001747,snow water equivalent,The Ecosystem Ontology,WEIRD,NA,NA,NA,dp was never annotated,TRUE
doi:10.18739/A29G5GD77,SWE_ablation_data_Imnavait.1985-2013.txt,1986,NA,Snow water equivalent in millimeters in year 1986,millimeter,https://search.dataone.org/view/doi:10.18739/A29G5GD77,2020-11-13T12:49:47Z,http://purl.dataone.org/odo/ECSO_00001747,snow water equivalent,The Ecosystem Ontology,WEIRD,NA,NA,NA,dp was never annotated,TRUE
doi:10.18739/A29G5GD77,SWE_ablation_data_Imnavait.1985-2013.txt,1987,NA,Snow water equivalent in millimeters in year 1987,millimeter,https://search.dataone.org/view/doi:10.18739/A29G5GD77,2020-11-13T12:49:47Z,http://purl.dataone.org/odo/ECSO_00001747,snow water equivalent,The Ecosystem Ontology,WEIRD,NA,NA,NA,dp was never annotated,TRUE
doi:10.18739/A29G5GD77,SWE_ablation_data_Imnavait.1985-2013.txt,1988,NA,Snow water equivalent in millimeters in year 1988,millimeter,https://search.dataone.org/view/doi:10.18739/A29G5GD77,2020-11-13T12:49:47Z,http://purl.dataone.org/odo/ECSO_00001747,snow water equivalent,The Ecosystem Ontology,WEIRD,NA,NA,NA,dp was never annotated,TRUE
doi:10.18739/A29G5GD77,SWE_ablation_data_Imnavait.1985-2013.txt,1989,NA,Snow water equivalent in millimeters in year 1989,millimeter,https://search.dataone.org/view/doi:10.18739/A29G5GD77,2020-11-13T12:49:47Z,http://purl.dataone.org/odo/ECSO_00001747,snow water equivalent,The Ecosystem Ontology,WEIRD,NA,NA,NA,dp was never annotated,TRUE
doi:10.18739/A29G5GD77,SWE_ablation_data_Imnavait.1985-2013.txt,1990,NA,Snow water equivalent in millimeters in year 1990,millimeter,https://search.dataone.org/view/doi:10.18739/A29G5GD77,2020-11-13T12:49:47Z,http://purl.dataone.org/odo/ECSO_00001747,snow water equivalent,The Ecosystem Ontology,WEIRD,NA,NA,NA,dp was never annotated,TRUE
doi:10.18739/A29G5GD77,SWE_ablation_data_Imnavait.1985-2013.txt,1991,NA,Snow water equivalent in millimeters in year 1991,millimeter,https://search.dataone.org/view/doi:10.18739/A29G5GD77,2020-11-13T12:49:47Z,http://purl.dataone.org/odo/ECSO_00001747,snow water equivalent,The Ecosystem Ontology,WEIRD,NA,NA,NA,dp was never annotated,TRUE
doi:10.18739/A29G5GD77,SWE_ablation_data_Imnavait.1985-2013.txt,1992,NA,Snow water equivalent in millimeters in year 1992,millimeter,https://search.dataone.org/view/doi:10.18739/A29G5GD77,2020-11-13T12:49:47Z,http://purl.dataone.org/odo/ECSO_00001747,snow water equivalent,The Ecosystem Ontology,WEIRD,NA,NA,NA,dp was never annotated,TRUE
doi:10.18739/A29G5GD77,SWE_ablation_data_Imnavait.1985-2013.txt,1993,NA,Snow water equivalent in millimeters in year 1993,millimeter,https://search.dataone.org/view/doi:10.18739/A29G5GD77,2020-11-13T12:49:47Z,http://purl.dataone.org/odo/ECSO_00001747,snow water equivalent,The Ecosystem Ontology,WEIRD,NA,NA,NA,dp was never annotated,TRUE
doi:10.18739/A29G5GD77,SWE_ablation_data_Imnavait.1985-2013.txt,1994,NA,Snow water equivalent in millimeters in year 1994,millimeter,https://search.dataone.org/view/doi:10.18739/A29G5GD77,2020-11-13T12:49:47Z,http://purl.dataone.org/odo/ECSO_00001747,snow water equivalent,The Ecosystem Ontology,WEIRD,NA,NA,NA,dp was never annotated,TRUE
doi:10.18739/A29G5GD77,SWE_ablation_data_Imnavait.1985-2013.txt,1995,NA,Snow water equivalent in millimeters in year 1995,millimeter,https://search.dataone.org/view/doi:10.18739/A29G5GD77,2020-11-13T12:49:47Z,http://purl.dataone.org/odo/ECSO_00001747,snow water equivalent,The Ecosystem Ontology,WEIRD,NA,NA,NA,dp was never annotated,TRUE
doi:10.18739/A29G5GD77,SWE_ablation_data_Imnavait.1985-2013.txt,1996,NA,Snow water equivalent in millimeters in year 1996,millimeter,https://search.dataone.org/view/doi:10.18739/A29G5GD77,2020-11-13T12:49:47Z,http://purl.dataone.org/odo/ECSO_00001747,snow water equivalent,The Ecosystem Ontology,WEIRD,NA,NA,NA,dp was never annotated,TRUE
doi:10.18739/A29G5GD77,SWE_ablation_data_Imnavait.1985-2013.txt,1997,NA,Snow water equivalent in millimeters in year 1997,millimeter,https://search.dataone.org/view/doi:10.18739/A29G5GD77,2020-11-13T12:49:47Z,http://purl.dataone.org/odo/ECSO_00001747,snow water equivalent,The Ecosystem Ontology,WEIRD,NA,NA,NA,dp was never annotated,TRUE
doi:10.18739/A29G5GD77,SWE_ablation_data_Imnavait.1985-2013.txt,1998,NA,Snow water equivalent in millimeters in year 1998,millimeter,https://search.dataone.org/view/doi:10.18739/A29G5GD77,2020-11-13T12:49:47Z,http://purl.dataone.org/odo/ECSO_00001747,snow water equivalent,The Ecosystem Ontology,WEIRD,NA,NA,NA,dp was never annotated,TRUE
doi:10.18739/A29G5GD77,SWE_ablation_data_Imnavait.1985-2013.txt,1999,NA,Snow water equivalent in millimeters in year 1999,millimeter,https://search.dataone.org/view/doi:10.18739/A29G5GD77,2020-11-13T12:49:47Z,http://purl.dataone.org/odo/ECSO_00001747,snow water equivalent,The Ecosystem Ontology,WEIRD,NA,NA,NA,dp was never annotated,TRUE
doi:10.18739/A29G5GD77,SWE_ablation_data_Imnavait.1985-2013.txt,2000,NA,Snow water equivalent in millimeters in year 2000,millimeter,https://search.dataone.org/view/doi:10.18739/A29G5GD77,2020-11-13T12:49:47Z,http://purl.dataone.org/odo/ECSO_00001747,snow water equivalent,The Ecosystem Ontology,WEIRD,NA,NA,NA,dp was never annotated,TRUE
doi:10.18739/A29G5GD77,SWE_ablation_data_Imnavait.1985-2013.txt,2001,NA,Snow water equivalent in millimeters in year 2001,millimeter,https://search.dataone.org/view/doi:10.18739/A29G5GD77,2020-11-13T12:49:47Z,http://purl.dataone.org/odo/ECSO_00001747,snow water equivalent,The Ecosystem Ontology,WEIRD,NA,NA,NA,dp was never annotated,TRUE
doi:10.18739/A29G5GD77,SWE_ablation_data_Imnavait.1985-2013.txt,2002,NA,Snow water equivalent in millimeters in year 2002,millimeter,https://search.dataone.org/view/doi:10.18739/A29G5GD77,2020-11-13T12:49:47Z,http://purl.dataone.org/odo/ECSO_00001747,snow water equivalent,The Ecosystem Ontology,WEIRD,NA,NA,NA,dp was never annotated,TRUE
doi:10.18739/A29G5GD77,SWE_ablation_data_Imnavait.1985-2013.txt,2003,NA,Snow water equivalent in millimeters in year 2003,millimeter,https://search.dataone.org/view/doi:10.18739/A29G5GD77,2020-11-13T12:49:47Z,http://purl.dataone.org/odo/ECSO_00001747,snow water equivalent,The Ecosystem Ontology,WEIRD,NA,NA,NA,dp was never annotated,TRUE
doi:10.18739/A29G5GD77,SWE_ablation_data_Imnavait.1985-2013.txt,2004,NA,Snow water equivalent in millimeters in year 2004,millimeter,https://search.dataone.org/view/doi:10.18739/A29G5GD77,2020-11-13T12:49:47Z,http://purl.dataone.org/odo/ECSO_00001747,snow water equivalent,The Ecosystem Ontology,WEIRD,NA,NA,NA,dp was never annotated,TRUE
doi:10.18739/A29G5GD77,SWE_ablation_data_Imnavait.1985-2013.txt,2005,NA,Snow water equivalent in millimeters in year 2005,millimeter,https://search.dataone.org/view/doi:10.18739/A29G5GD77,2020-11-13T12:49:47Z,http://purl.dataone.org/odo/ECSO_00001747,snow water equivalent,The Ecosystem Ontology,WEIRD,NA,NA,NA,dp was never annotated,TRUE
doi:10.18739/A29G5GD77,SWE_ablation_data_Imnavait.1985-2013.txt,2006,NA,Snow water equivalent in millimeters in year 2006,millimeter,https://search.dataone.org/view/doi:10.18739/A29G5GD77,2020-11-13T12:49:47Z,http://purl.dataone.org/odo/ECSO_00001747,snow water equivalent,The Ecosystem Ontology,WEIRD,NA,NA,NA,dp was never annotated,TRUE
doi:10.18739/A29G5GD77,SWE_ablation_data_Imnavait.1985-2013.txt,2007,NA,Snow water equivalent in millimeters in year 2007,millimeter,https://search.dataone.org/view/doi:10.18739/A29G5GD77,2020-11-13T12:49:47Z,http://purl.dataone.org/odo/ECSO_00001747,snow water equivalent,The Ecosystem Ontology,WEIRD,NA,NA,NA,dp was never annotated,TRUE
doi:10.18739/A29G5GD77,SWE_ablation_data_Imnavait.1985-2013.txt,2008,NA,Snow water equivalent in millimeters in year 2008,millimeter,https://search.dataone.org/view/doi:10.18739/A29G5GD77,2020-11-13T12:49:47Z,http://purl.dataone.org/odo/ECSO_00001747,snow water equivalent,The Ecosystem Ontology,WEIRD,NA,NA,NA,dp was never annotated,TRUE
doi:10.18739/A29G5GD77,SWE_ablation_data_Imnavait.1985-2013.txt,2009,NA,Snow water equivalent in millimeters in year 2009,millimeter,https://search.dataone.org/view/doi:10.18739/A29G5GD77,2020-11-13T12:49:47Z,http://purl.dataone.org/odo/ECSO_00001747,snow water equivalent,The Ecosystem Ontology,WEIRD,NA,NA,NA,dp was never annotated,TRUE
doi:10.18739/A29G5GD77,SWE_ablation_data_Imnavait.1985-2013.txt,2010,NA,Snow water equivalent in millimeters in year 2010,millimeter,https://search.dataone.org/view/doi:10.18739/A29G5GD77,2020-11-13T12:49:47Z,http://purl.dataone.org/odo/ECSO_00001747,snow water equivalent,The Ecosystem Ontology,WEIRD,NA,NA,NA,dp was never annotated,TRUE
doi:10.18739/A29G5GD77,SWE_ablation_data_Imnavait.1985-2013.txt,2011,NA,Snow water equivalent in millimeters in year 2011,millimeter,https://search.dataone.org/view/doi:10.18739/A29G5GD77,2020-11-13T12:49:47Z,http://purl.dataone.org/odo/ECSO_00001747,snow water equivalent,The Ecosystem Ontology,WEIRD,NA,NA,NA,dp was never annotated,TRUE
doi:10.18739/A29G5GD77,SWE_ablation_data_Imnavait.1985-2013.txt,2012,NA,Snow water equivalent in millimeters in year 2012,millimeter,https://search.dataone.org/view/doi:10.18739/A29G5GD77,2020-11-13T12:49:47Z,http://purl.dataone.org/odo/ECSO_00001747,snow water equivalent,The Ecosystem Ontology,WEIRD,NA,NA,NA,dp was never annotated,TRUE
doi:10.18739/A29G5GD77,SWE_ablation_data_Imnavait.1985-2013.txt,2013,NA,Snow water equivalent in millimeters in year 2013,millimeter,https://search.dataone.org/view/doi:10.18739/A29G5GD77,2020-11-13T12:49:47Z,http://purl.dataone.org/odo/ECSO_00001747,snow water equivalent,The Ecosystem Ontology,WEIRD,NA,NA,NA,dp was never annotated,TRUE
doi:10.18739/A29G5GD77,SWE_watershed_average_Imnavait_1985_2017.txt,April SWE(mm),NA,"Snow water equivalent, in millimeters",millimeter,https://search.dataone.org/view/doi:10.18739/A29G5GD77,2020-11-13T12:49:47Z,http://purl.dataone.org/odo/ECSO_00001747,snow water equivalent,The Ecosystem Ontology,WEIRD,NA,NA,NA,dp was never annotated,TRUE
doi:10.18739/A29G5GD77,SWE_watershed_average_Imnavait_1985_2017.txt,Seasonal maximum SWE(mm),NA,"Seasonal maximum of snow water equivalent, in millimeters",millimeter,https://search.dataone.org/view/doi:10.18739/A29G5GD77,2020-11-13T12:49:47Z,http://purl.dataone.org/odo/ECSO_00001747,snow water equivalent,The Ecosystem Ontology,WEIRD,NA,NA,NA,dp was never annotated,TRUE
doi:10.18739/A20P0WR72,wrfout_d01_YYYY-MM-DD_HH:00:00.nc,SNOW,NA,SNOW WATER EQUIVALENT,kilogramPerMeterSquared,https://search.dataone.org/view/doi:10.18739/A20P0WR72,2020-11-13T12:49:47Z,http://purl.dataone.org/odo/ECSO_00000059,Snow Water Equivalent MOV,The Ecosystem Ontology,WEIRD,NA,NA,NA,dp was never annotated,TRUE
doi:10.18739/A24F1MK1T,wrfout_d01_YYYY-MM-DD_HH:00:00.nc,snwe,NA,Snow Water Equivalent,kilogramPerMeterSquared,https://search.dataone.org/view/doi:10.18739/A24F1MK1T,2020-11-13T12:49:47Z,http://purl.dataone.org/odo/ECSO_00000059,Snow Water Equivalent MOV,The Ecosystem Ontology,WEIRD,NA,NA,NA,dp was never annotated,TRUE
doi:10.18739/A2862BC5Z,wrfout_d01_YYYY-MM-DD_HH:00:00.nc,SNOW,NA,SNOW WATER EQUIVALENT,kilogramPerMeterSquared,https://search.dataone.org/view/doi:10.18739/A2862BC5Z,2020-11-13T12:49:47Z,http://purl.dataone.org/odo/ECSO_00000059,Snow Water Equivalent MOV,The Ecosystem Ontology,WEIRD,NA,NA,NA,dp was never annotated,TRUE
doi:10.18739/A2CZ3259S,wrfout_d01_YYYY-MM-DD_HH:00:00.nc,snwe,NA,Snow Water Equivalent,kilogramPerMeterSquared,https://search.dataone.org/view/doi:10.18739/A2CZ3259S,2020-11-13T12:49:47Z,http://purl.dataone.org/odo/ECSO_00000059,Snow Water Equivalent MOV,The Ecosystem Ontology,WEIRD,NA,NA,NA,dp was never annotated,TRUE
doi:10.18739/A2MG7FW84,wrfout_d01_YYYY-MM-DD_HH:00:00.nc,SNOW,NA,SNOW WATER EQUIVALENT,kilogramPerMeterSquared,https://search.dataone.org/view/doi:10.18739/A2MG7FW84,2020-11-13T12:49:47Z,http://purl.dataone.org/odo/ECSO_00000059,Snow Water Equivalent MOV,The Ecosystem Ontology,WEIRD,NA,NA,NA,dp was never annotated,TRUE
doi:10.18739/A2R785Q1D,wrfout_d01_YYYY-MM-DD_HH:00:00.nc,snwe,NA,Snow Water Equivalent,kilogramPerMeterSquared,https://search.dataone.org/view/doi:10.18739/A2R785Q1D,2020-11-13T12:49:47Z,http://purl.dataone.org/odo/ECSO_00000059,Snow Water Equivalent MOV,The Ecosystem Ontology,WEIRD,NA,NA,NA,dp was never annotated,TRUE
doi:10.18739/A2VX0642G,wrfout_d01_YYYY-MM-DD_HH:00:00.nc,SNOW,NA,SNOW WATER EQUIVALENT,kilogramPerMeterSquared,https://search.dataone.org/view/doi:10.18739/A2VX0642G,2020-11-13T12:49:47Z,http://purl.dataone.org/odo/ECSO_00000059,Snow Water Equivalent MOV,The Ecosystem Ontology,WEIRD,NA,NA,NA,dp was never annotated,TRUE
doi:10.18739/A20P0WR72,wrfout_d01_YYYY-MM-DD_HH:00:00.nc,SNOALB,NA,ANNUAL MAX SNOW ALBEDO IN FRACTION,dimensionless,https://search.dataone.org/view/doi:10.18739/A20P0WR72,2020-11-13T12:49:47Z,http://purl.dataone.org/odo/ECSO_00001694,albedo,The Ecosystem Ontology,WEIRD,NA,NA,NA,dp was never annotated,TRUE
doi:10.18739/A20P0WR72,wrfout_d01_YYYY-MM-DD_HH:00:00.nc,ALBSI,NA,SEA ICE ALBEDO,dimensionless,https://search.dataone.org/view/doi:10.18739/A20P0WR72,2020-11-13T12:49:47Z,http://purl.dataone.org/odo/ECSO_00001694,albedo,The Ecosystem Ontology,WEIRD,NA,NA,NA,dp was never annotated,TRUE
doi:10.18739/A20P0WR72,wrfout_d01_YYYY-MM-DD_HH:00:00.nc,ALBEDO,NA,ALBEDO,dimensionless,https://search.dataone.org/view/doi:10.18739/A20P0WR72,2020-11-13T12:49:47Z,http://purl.dataone.org/odo/ECSO_00001694,albedo,The Ecosystem Ontology,WEIRD,NA,NA,NA,dp was never annotated,TRUE
doi:10.18739/A20P0WR72,wrfout_d01_YYYY-MM-DD_HH:00:00.nc,ALBBCK,NA,BACKGROUND ALBEDO,dimensionless,https://search.dataone.org/view/doi:10.18739/A20P0WR72,2020-11-13T12:49:47Z,http://purl.dataone.org/odo/ECSO_00001694,albedo,The Ecosystem Ontology,WEIRD,NA,NA,NA,dp was never annotated,TRUE
doi:10.18739/A2862BC5Z,wrfout_d01_YYYY-MM-DD_HH:00:00.nc,SNOALB,NA,ANNUAL MAX SNOW ALBEDO IN FRACTION,dimensionless,https://search.dataone.org/view/doi:10.18739/A2862BC5Z,2020-11-13T12:49:47Z,http://purl.dataone.org/odo/ECSO_00001694,albedo,The Ecosystem Ontology,WEIRD,NA,NA,NA,dp was never annotated,TRUE
doi:10.18739/A2862BC5Z,wrfout_d01_YYYY-MM-DD_HH:00:00.nc,ALBSI,NA,SEA ICE ALBEDO,dimensionless,https://search.dataone.org/view/doi:10.18739/A2862BC5Z,2020-11-13T12:49:47Z,http://purl.dataone.org/odo/ECSO_00001694,albedo,The Ecosystem Ontology,WEIRD,NA,NA,NA,dp was never annotated,TRUE
doi:10.18739/A2862BC5Z,wrfout_d01_YYYY-MM-DD_HH:00:00.nc,ALBEDO,NA,ALBEDO,dimensionless,https://search.dataone.org/view/doi:10.18739/A2862BC5Z,2020-11-13T12:49:47Z,http://purl.dataone.org/odo/ECSO_00001694,albedo,The Ecosystem Ontology,WEIRD,NA,NA,NA,dp was never annotated,TRUE
doi:10.18739/A2862BC5Z,wrfout_d01_YYYY-MM-DD_HH:00:00.nc,ALBBCK,NA,BACKGROUND ALBEDO,dimensionless,https://search.dataone.org/view/doi:10.18739/A2862BC5Z,2020-11-13T12:49:47Z,http://purl.dataone.org/odo/ECSO_00001694,albedo,The Ecosystem Ontology,WEIRD,NA,NA,NA,dp was never annotated,TRUE
doi:10.18739/A2MG7FW84,wrfout_d01_YYYY-MM-DD_HH:00:00.nc,SNOALB,NA,ANNUAL MAX SNOW ALBEDO IN FRACTION,dimensionless,https://search.dataone.org/view/doi:10.18739/A2MG7FW84,2020-11-13T12:49:47Z,http://purl.dataone.org/odo/ECSO_00001694,albedo,The Ecosystem Ontology,WEIRD,NA,NA,NA,dp was never annotated,TRUE
doi:10.18739/A2MG7FW84,wrfout_d01_YYYY-MM-DD_HH:00:00.nc,ALBSI,NA,SEA ICE ALBEDO,dimensionless,https://search.dataone.org/view/doi:10.18739/A2MG7FW84,2020-11-13T12:49:47Z,http://purl.dataone.org/odo/ECSO_00001694,albedo,The Ecosystem Ontology,WEIRD,NA,NA,NA,dp was never annotated,TRUE
doi:10.18739/A2MG7FW84,wrfout_d01_YYYY-MM-DD_HH:00:00.nc,ALBEDO,NA,ALBEDO,dimensionless,https://search.dataone.org/view/doi:10.18739/A2MG7FW84,2020-11-13T12:49:47Z,http://purl.dataone.org/odo/ECSO_00001694,albedo,The Ecosystem Ontology,WEIRD,NA,NA,NA,dp was never annotated,TRUE
doi:10.18739/A2MG7FW84,wrfout_d01_YYYY-MM-DD_HH:00:00.nc,ALBBCK,NA,BACKGROUND ALBEDO,dimensionless,https://search.dataone.org/view/doi:10.18739/A2MG7FW84,2020-11-13T12:49:47Z,http://purl.dataone.org/odo/ECSO_00001694,albedo,The Ecosystem Ontology,WEIRD,NA,NA,NA,dp was never annotated,TRUE
doi:10.18739/A2VX0642G,wrfout_d01_YYYY-MM-DD_HH:00:00.nc,SNOALB,NA,ANNUAL MAX SNOW ALBEDO IN FRACTION,dimensionless,https://search.dataone.org/view/doi:10.18739/A2VX0642G,2020-11-13T12:49:47Z,http://purl.dataone.org/odo/ECSO_00001694,albedo,The Ecosystem Ontology,WEIRD,NA,NA,NA,dp was never annotated,TRUE
doi:10.18739/A2VX0642G,wrfout_d01_YYYY-MM-DD_HH:00:00.nc,ALBSI,NA,SEA ICE ALBEDO,dimensionless,https://search.dataone.org/view/doi:10.18739/A2VX0642G,2020-11-13T12:49:47Z,http://purl.dataone.org/odo/ECSO_00001694,albedo,The Ecosystem Ontology,WEIRD,NA,NA,NA,dp was never annotated,TRUE
doi:10.18739/A2VX0642G,wrfout_d01_YYYY-MM-DD_HH:00:00.nc,ALBEDO,NA,ALBEDO,dimensionless,https://search.dataone.org/view/doi:10.18739/A2VX0642G,2020-11-13T12:49:47Z,http://purl.dataone.org/odo/ECSO_00001694,albedo,The Ecosystem Ontology,WEIRD,NA,NA,NA,dp was never annotated,TRUE
doi:10.18739/A2VX0642G,wrfout_d01_YYYY-MM-DD_HH:00:00.nc,ALBBCK,NA,BACKGROUND ALBEDO,dimensionless,https://search.dataone.org/view/doi:10.18739/A2VX0642G,2020-11-13T12:49:47Z,http://purl.dataone.org/odo/ECSO_00001694,albedo,The Ecosystem Ontology,WEIRD,NA,NA,NA,dp was never annotated,TRUE
doi:10.18739/A23F4KM7K,Alexander_Exp Burn Soil Mois 2012_2017.csv,Unmanipulated Moisture (cm3 cm-3),NA,Soil moisture in unmanipulated plot,cubicCentimetersPerCubicCentimeter,https://search.dataone.org/view/doi:10.18739/A23F4KM7K,2020-11-13T12:49:47Z,http://purl.dataone.org/odo/ECSO_00002804,soil moisture - ratio,The Ecosystem Ontology,WEIRD,NA,NA,NA,dp was never annotated,TRUE
doi:10.18739/A23F4KM7K,Alexander_Exp Burn Soil Mois 2012_2017.csv,Unmanipulated Moisure (SE),NA,Standard error of soil moisture in unmanipulated plot,cubicCentimetersPerCubicCentimeter,https://search.dataone.org/view/doi:10.18739/A23F4KM7K,2020-11-13T12:49:47Z,http://purl.dataone.org/odo/ECSO_00002804,soil moisture - ratio,The Ecosystem Ontology,WEIRD,NA,NA,NA,dp was never annotated,TRUE
doi:10.18739/A23F4KM7K,Alexander_Exp Burn Soil Mois 2012_2017.csv,Unburned Moisture (cm3 cm-3),NA,Soil moisture in unburned plot,cubicCentimetersPerCubicCentimeter,https://search.dataone.org/view/doi:10.18739/A23F4KM7K,2020-11-13T12:49:47Z,http://purl.dataone.org/odo/ECSO_00002804,soil moisture - ratio,The Ecosystem Ontology,WEIRD,NA,NA,NA,dp was never annotated,TRUE
doi:10.18739/A23F4KM7K,Alexander_Exp Burn Soil Mois 2012_2017.csv,Unburned Moisture (SE),NA,Standard error of soil moisture in unburned plot,cubicCentimetersPerCubicCentimeter,https://search.dataone.org/view/doi:10.18739/A23F4KM7K,2020-11-13T12:49:47Z,http://purl.dataone.org/odo/ECSO_00002804,soil moisture - ratio,The Ecosystem Ontology,WEIRD,NA,NA,NA,dp was never annotated,TRUE
doi:10.18739/A23F4KM7K,Alexander_Exp Burn Soil Mois 2012_2017.csv,Low Severity Moisture (cm3 cm-3),NA,Soil moisture in low severity plot,cubicCentimetersPerCubicCentimeter,https://search.dataone.org/view/doi:10.18739/A23F4KM7K,2020-11-13T12:49:47Z,http://purl.dataone.org/odo/ECSO_00002804,soil moisture - ratio,The Ecosystem Ontology,WEIRD,NA,NA,NA,dp was never annotated,TRUE
doi:10.18739/A23F4KM7K,Alexander_Exp Burn Soil Mois 2012_2017.csv,Low Severity Moisture (SE),NA,Standard error of soil moisture in low severity plot,cubicCentimetersPerCubicCentimeter,https://search.dataone.org/view/doi:10.18739/A23F4KM7K,2020-11-13T12:49:47Z,http://purl.dataone.org/odo/ECSO_00002804,soil moisture - ratio,The Ecosystem Ontology,WEIRD,NA,NA,NA,dp was never annotated,TRUE
doi:10.18739/A23F4KM7K,Alexander_Exp Burn Soil Mois 2012_2017.csv,Moderate Severity Moisture (cm3 cm-3),NA,Soil moisture in moderate severity plot,cubicCentimetersPerCubicCentimeter,https://search.dataone.org/view/doi:10.18739/A23F4KM7K,2020-11-13T12:49:47Z,http://purl.dataone.org/odo/ECSO_00002804,soil moisture - ratio,The Ecosystem Ontology,WEIRD,NA,NA,NA,dp was never annotated,TRUE
doi:10.18739/A23F4KM7K,Alexander_Exp Burn Soil Mois 2012_2017.csv,Moderate Severity Moisture (SE),NA,Standard error of soil moisture in moderate severity plot,cubicCentimetersPerCubicCentimeter,https://search.dataone.org/view/doi:10.18739/A23F4KM7K,2020-11-13T12:49:47Z,http://purl.dataone.org/odo/ECSO_00002804,soil moisture - ratio,The Ecosystem Ontology,WEIRD,NA,NA,NA,dp was never annotated,TRUE
doi:10.18739/A23F4KM7K,Alexander_Exp Burn Soil Mois 2012_2017.csv,High Severity Moisture (cm3 cm-3),NA,Soil moisture in high severity plot,cubicCentimetersPerCubicCentimeter,https://search.dataone.org/view/doi:10.18739/A23F4KM7K,2020-11-13T12:49:47Z,http://purl.dataone.org/odo/ECSO_00002804,soil moisture - ratio,The Ecosystem Ontology,WEIRD,NA,NA,NA,dp was never annotated,TRUE
doi:10.18739/A23F4KM7K,Alexander_Exp Burn Soil Mois 2012_2017.csv,High Severity Moisture (SE),NA,Standard error of soil moisture in high severity plot,cubicCentimetersPerCubicCentimeter,https://search.dataone.org/view/doi:10.18739/A23F4KM7K,2020-11-13T12:49:47Z,http://purl.dataone.org/odo/ECSO_00002804,soil moisture - ratio,The Ecosystem Ontology,WEIRD,NA,NA,NA,dp was never annotated,TRUE
doi:10.18739/A20P0WR72,wrfout_d01_YYYY-MM-DD_HH:00:00.nc,SMOIS,NA,SOIL MOISTURE,dimensionless,https://search.dataone.org/view/doi:10.18739/A20P0WR72,2020-11-13T12:49:47Z,http://purl.dataone.org/odo/ECSO_00002804,soil moisture - ratio,The Ecosystem Ontology,WEIRD,NA,NA,NA,dp was never annotated,TRUE
doi:10.18739/A20P0WR72,wrfout_d01_YYYY-MM-DD_HH:00:00.nc,SMCREL,NA,RELATIVE SOIL MOISTURE,dimensionless,https://search.dataone.org/view/doi:10.18739/A20P0WR72,2020-11-13T12:49:47Z,http://purl.dataone.org/odo/ECSO_00002804,soil moisture - ratio,The Ecosystem Ontology,WEIRD,NA,NA,NA,dp was never annotated,TRUE
doi:10.18739/A2862BC5Z,wrfout_d01_YYYY-MM-DD_HH:00:00.nc,SMOIS,NA,SOIL MOISTURE,dimensionless,https://search.dataone.org/view/doi:10.18739/A2862BC5Z,2020-11-13T12:49:47Z,http://purl.dataone.org/odo/ECSO_00002804,soil moisture - ratio,The Ecosystem Ontology,WEIRD,NA,NA,NA,dp was never annotated,TRUE
doi:10.18739/A2862BC5Z,wrfout_d01_YYYY-MM-DD_HH:00:00.nc,SMCREL,NA,RELATIVE SOIL MOISTURE,dimensionless,https://search.dataone.org/view/doi:10.18739/A2862BC5Z,2020-11-13T12:49:47Z,http://purl.dataone.org/odo/ECSO_00002804,soil moisture - ratio,The Ecosystem Ontology,WEIRD,NA,NA,NA,dp was never annotated,TRUE
doi:10.18739/A2MG7FW84,wrfout_d01_YYYY-MM-DD_HH:00:00.nc,SMOIS,NA,SOIL MOISTURE,dimensionless,https://search.dataone.org/view/doi:10.18739/A2MG7FW84,2020-11-13T12:49:47Z,http://purl.dataone.org/odo/ECSO_00002804,soil moisture - ratio,The Ecosystem Ontology,WEIRD,NA,NA,NA,dp was never annotated,TRUE
doi:10.18739/A2MG7FW84,wrfout_d01_YYYY-MM-DD_HH:00:00.nc,SMCREL,NA,RELATIVE SOIL MOISTURE,dimensionless,https://search.dataone.org/view/doi:10.18739/A2MG7FW84,2020-11-13T12:49:47Z,http://purl.dataone.org/odo/ECSO_00002804,soil moisture - ratio,The Ecosystem Ontology,WEIRD,NA,NA,NA,dp was never annotated,TRUE
doi:10.18739/A2VX0642G,wrfout_d01_YYYY-MM-DD_HH:00:00.nc,SMOIS,NA,SOIL MOISTURE,dimensionless,https://search.dataone.org/view/doi:10.18739/A2VX0642G,2020-11-13T12:49:47Z,http://purl.dataone.org/odo/ECSO_00002804,soil moisture - ratio,The Ecosystem Ontology,WEIRD,NA,NA,NA,dp was never annotated,TRUE
doi:10.18739/A2VX0642G,wrfout_d01_YYYY-MM-DD_HH:00:00.nc,SMCREL,NA,RELATIVE SOIL MOISTURE,dimensionless,https://search.dataone.org/view/doi:10.18739/A2VX0642G,2020-11-13T12:49:47Z,http://purl.dataone.org/odo/ECSO_00002804,soil moisture - ratio,The Ecosystem Ontology,WEIRD,NA,NA,NA,dp was never annotated,TRUE
doi:10.18739/A20P0WR72,wrfout_d01_YYYY-MM-DD_HH:00:00.nc,RAINC,NA,ACCUMULATED TOTAL CUMULUS PRECIPITATION,millimeter,https://search.dataone.org/view/doi:10.18739/A20P0WR72,2020-11-13T12:49:47Z,http://purl.dataone.org/odo/ECSO_00001223,Precipitation Height,The Ecosystem Ontology,WEIRD,NA,NA,NA,dp was never annotated,TRUE
doi:10.18739/A20P0WR72,wrfout_d01_YYYY-MM-DD_HH:00:00.nc,RAINSH,NA,ACCUMULATED SHALLOW CUMULUS PRECIPITATION,millimeter,https://search.dataone.org/view/doi:10.18739/A20P0WR72,2020-11-13T12:49:47Z,http://purl.dataone.org/odo/ECSO_00001223,Precipitation Height,The Ecosystem Ontology,WEIRD,NA,NA,NA,dp was never annotated,TRUE
doi:10.18739/A20P0WR72,wrfout_d01_YYYY-MM-DD_HH:00:00.nc,RAINNC,NA,ACCUMULATED TOTAL GRID SCALE PRECIPITATION,millimeter,https://search.dataone.org/view/doi:10.18739/A20P0WR72,2020-11-13T12:49:47Z,http://purl.dataone.org/odo/ECSO_00001223,Precipitation Height,The Ecosystem Ontology,WEIRD,NA,NA,NA,dp was never annotated,TRUE
doi:10.18739/A24F1MK1T,wrfout_d01_YYYY-MM-DD_HH:00:00.nc,pr,NA,Accumulated Total Grid Scale Precipitation,millimeter,https://search.dataone.org/view/doi:10.18739/A24F1MK1T,2020-11-13T12:49:47Z,http://purl.dataone.org/odo/ECSO_00001223,Precipitation Height,The Ecosystem Ontology,WEIRD,NA,NA,NA,dp was never annotated,TRUE
doi:10.18739/A24F1MK1T,wrfout_d01_YYYY-MM-DD_HH:00:00.nc,prc,NA,Accumulated Total Cumulus Precipitation,millimeter,https://search.dataone.org/view/doi:10.18739/A24F1MK1T,2020-11-13T12:49:47Z,http://purl.dataone.org/odo/ECSO_00001223,Precipitation Height,The Ecosystem Ontology,WEIRD,NA,NA,NA,dp was never annotated,TRUE
doi:10.18739/A2862BC5Z,wrfout_d01_YYYY-MM-DD_HH:00:00.nc,RAINC,NA,ACCUMULATED TOTAL CUMULUS PRECIPITATION,millimeter,https://search.dataone.org/view/doi:10.18739/A2862BC5Z,2020-11-13T12:49:47Z,http://purl.dataone.org/odo/ECSO_00001223,Precipitation Height,The Ecosystem Ontology,WEIRD,NA,NA,NA,dp was never annotated,TRUE
doi:10.18739/A2862BC5Z,wrfout_d01_YYYY-MM-DD_HH:00:00.nc,RAINSH,NA,ACCUMULATED SHALLOW CUMULUS PRECIPITATION,millimeter,https://search.dataone.org/view/doi:10.18739/A2862BC5Z,2020-11-13T12:49:47Z,http://purl.dataone.org/odo/ECSO_00001223,Precipitation Height,The Ecosystem Ontology,WEIRD,NA,NA,NA,dp was never annotated,TRUE
doi:10.18739/A2862BC5Z,wrfout_d01_YYYY-MM-DD_HH:00:00.nc,RAINNC,NA,ACCUMULATED TOTAL GRID SCALE PRECIPITATION,millimeter,https://search.dataone.org/view/doi:10.18739/A2862BC5Z,2020-11-13T12:49:47Z,http://purl.dataone.org/odo/ECSO_00001223,Precipitation Height,The Ecosystem Ontology,WEIRD,NA,NA,NA,dp was never annotated,TRUE
doi:10.18739/A2CZ3259S,wrfout_d01_YYYY-MM-DD_HH:00:00.nc,pr,NA,Accumulated Total Grid Scale Precipitation,millimeter,https://search.dataone.org/view/doi:10.18739/A2CZ3259S,2020-11-13T12:49:47Z,http://purl.dataone.org/odo/ECSO_00001223,Precipitation Height,The Ecosystem Ontology,WEIRD,NA,NA,NA,dp was never annotated,TRUE
doi:10.18739/A2CZ3259S,wrfout_d01_YYYY-MM-DD_HH:00:00.nc,prc,NA,Accumulated Total Cumulus Precipitation,millimeter,https://search.dataone.org/view/doi:10.18739/A2CZ3259S,2020-11-13T12:49:47Z,http://purl.dataone.org/odo/ECSO_00001223,Precipitation Height,The Ecosystem Ontology,WEIRD,NA,NA,NA,dp was never annotated,TRUE
doi:10.18739/A2MG7FW84,wrfout_d01_YYYY-MM-DD_HH:00:00.nc,RAINC,NA,ACCUMULATED TOTAL CUMULUS PRECIPITATION,millimeter,https://search.dataone.org/view/doi:10.18739/A2MG7FW84,2020-11-13T12:49:47Z,http://purl.dataone.org/odo/ECSO_00001223,Precipitation Height,The Ecosystem Ontology,WEIRD,NA,NA,NA,dp was never annotated,TRUE
doi:10.18739/A2MG7FW84,wrfout_d01_YYYY-MM-DD_HH:00:00.nc,RAINSH,NA,ACCUMULATED SHALLOW CUMULUS PRECIPITATION,millimeter,https://search.dataone.org/view/doi:10.18739/A2MG7FW84,2020-11-13T12:49:47Z,http://purl.dataone.org/odo/ECSO_00001223,Precipitation Height,The Ecosystem Ontology,WEIRD,NA,NA,NA,dp was never annotated,TRUE
doi:10.18739/A2MG7FW84,wrfout_d01_YYYY-MM-DD_HH:00:00.nc,RAINNC,NA,ACCUMULATED TOTAL GRID SCALE PRECIPITATION,millimeter,https://search.dataone.org/view/doi:10.18739/A2MG7FW84,2020-11-13T12:49:47Z,http://purl.dataone.org/odo/ECSO_00001223,Precipitation Height,The Ecosystem Ontology,WEIRD,NA,NA,NA,dp was never annotated,TRUE
doi:10.18739/A2R785Q1D,wrfout_d01_YYYY-MM-DD_HH:00:00.nc,pr,NA,Accumulated Total Grid Scale Precipitation,millimeter,https://search.dataone.org/view/doi:10.18739/A2R785Q1D,2020-11-13T12:49:47Z,http://purl.dataone.org/odo/ECSO_00001223,Precipitation Height,The Ecosystem Ontology,WEIRD,NA,NA,NA,dp was never annotated,TRUE
doi:10.18739/A2R785Q1D,wrfout_d01_YYYY-MM-DD_HH:00:00.nc,prc,NA,Accumulated Total Cumulus Precipitation,millimeter,https://search.dataone.org/view/doi:10.18739/A2R785Q1D,2020-11-13T12:49:47Z,http://purl.dataone.org/odo/ECSO_00001223,Precipitation Height,The Ecosystem Ontology,WEIRD,NA,NA,NA,dp was never annotated,TRUE
doi:10.18739/A2VX0642G,wrfout_d01_YYYY-MM-DD_HH:00:00.nc,RAINC,NA,ACCUMULATED TOTAL CUMULUS PRECIPITATION,millimeter,https://search.dataone.org/view/doi:10.18739/A2VX0642G,2020-11-13T12:49:47Z,http://purl.dataone.org/odo/ECSO_00001223,Precipitation Height,The Ecosystem Ontology,WEIRD,NA,NA,NA,dp was never annotated,TRUE
doi:10.18739/A2VX0642G,wrfout_d01_YYYY-MM-DD_HH:00:00.nc,RAINSH,NA,ACCUMULATED SHALLOW CUMULUS PRECIPITATION,millimeter,https://search.dataone.org/view/doi:10.18739/A2VX0642G,2020-11-13T12:49:47Z,http://purl.dataone.org/odo/ECSO_00001223,Precipitation Height,The Ecosystem Ontology,WEIRD,NA,NA,NA,dp was never annotated,TRUE
doi:10.18739/A2VX0642G,wrfout_d01_YYYY-MM-DD_HH:00:00.nc,RAINNC,NA,ACCUMULATED TOTAL GRID SCALE PRECIPITATION,millimeter,https://search.dataone.org/view/doi:10.18739/A2VX0642G,2020-11-13T12:49:47Z,http://purl.dataone.org/odo/ECSO_00001223,Precipitation Height,The Ecosystem Ontology,WEIRD,NA,NA,NA,dp was never annotated,TRUE
