"","token","n","unique_ids","unique_authors"
"1","position",74,3,2
"2","depth",71,8,4
"3","latitude",47,17,8
"4","longitude",47,17,8
"5","notes",47,15,11
"6","type",44,10,8
"7","date",41,17,12
"8","bottom",35,4,2
"9","top",35,4,2
"10","soil",34,3,2
"11","confidence",33,1,1
"12","detector",33,1,1
"13","fit",33,1,1
"14","index",33,1,1
"15","intensity",33,1,1
"16","pattern",33,1,1
"17","phase",33,1,1
"18","quality",33,1,1
"19","snow",30,4,2
"20","core",26,7,5
"21","grain",26,1,1
"22","station",26,12,4
"23","location",25,6,4
"24","plot",25,4,2
"25","transect",24,3,2
"26","distance",22,4,2
"27","5yrs",21,1,1
"28","ice",21,4,2
"29","road",21,3,1
"30","sample",21,7,5
"31","borehole",20,3,1
"32","id",20,9,7
"33","site",19,11,8
"34","comments",17,6,5
"35","height",17,5,3
"36","dry",16,3,2
"37","dust_tot",16,1,1
"38","layer",16,4,2
"39","midpoint",16,1,1
"40","t1",16,1,1
"41","t2",16,1,1
"42","tube",16,1,1
"43","color",15,3,2
"44","moisture",15,3,2
"45","photo",15,9,3
"46","lat",13,6,5
"47","munsell",13,2,1
"48","date_time",12,3,2
"49","massive",12,3,1
"50","station_name",12,9,1
"51","weight",12,3,1
"52","center",11,2,1
"53","elevation",11,2,1
"54","habitat_type",11,8,1
"55","sixhour_horizontal_velocity",11,1,1
"56","sixhour_horizontal_velocity_uncertainty",11,1,1
"57","thickness",11,2,1
"58","acetylene_error",10,1,1
"59","bottom_depth",10,1,1
"60","core_id",10,1,1
"61","cover",10,2,1
"62","disturbance",10,2,1
"63","ethane_error",10,1,1
"64","gas_age",10,1,1
"65","geology",10,2,1
"66","microrelief",10,3,1
"67","organic",10,3,2
"68","releve",10,2,1
"69","table",10,3,1
"70","time",10,4,3
"71","top_depth",10,1,1
"72","10521700",9,1,1
"73","beginyear",9,9,1
"74","datasetid",9,9,1
"75","dead",9,3,2
"76","disturbed",9,2,1
"77","dust",9,2,1
"78","endyear",9,9,1
"79","givenname",9,9,1
"80","logger",9,3,1
"81","mass",9,1,1
"82","middlename",9,9,1
"83","node",9,8,2
"84","orcid",9,9,1
"85","role",9,9,1
"86","surname",9,9,1
"87","volume",9,2,2
"88","avgd13ch4_permil",8,7,1
"89","bryophytes",8,2,1
"90","estimated",8,2,1
"91","lagoon",8,7,1
"92","lon",8,3,3
"93","material",8,4,3
"94","note",8,3,3
"95","range",8,3,3
"96","season",8,7,1
"97","station_sampling_priority",8,7,1
"98","stdevd13ch4_permil",8,6,1
"99","surface",8,5,3
"100","temperature",8,4,3
"101","thaw",8,3,1
"102","vegetation",8,2,1
"103","wedge",8,1,1
"104","date_collected",7,6,1
"105","lgr",7,1,1
"106","light_lux",7,7,1
"107","moist",7,2,1
"108","permafrost",7,3,1
"109","prcntyrsfi",7,1,1
"110","trough",7,2,1
"111","water",7,4,2
"112","water_column_position",7,7,1
"113","2",6,3,2
"114","algae",6,1,1
"115","cm",6,3,2
"116","content",6,1,1
"117","data",6,1,1
"118","degc",6,1,1
"119","duration",6,2,1
"120","frozen",6,3,1
"121","fum",6,1,1
"122","ghaas_basin_id",6,2,2
"123","horsetails",6,1,1
"124","ibutton",6,2,1
"125","intermediate",6,3,1
"126","measurement",6,2,2
"127","meters",6,1,1
"128","protective",6,3,1
"129","samples",6,2,1
"130","surficial",6,2,1
"131","tm",6,1,1
"132","absolute",5,2,1
"133","acetylene_solubility_corrected",5,1,1
"134","aer_dof200",5,1,1
"135","aer_dofs_fine",5,1,1
"136","aot361nm",5,1,1
"137","aot361nm_raw",5,1,1
"138","aspect",5,3,2
"139","bro_dof200",5,1,1
"140","bro_dofaloft",5,1,1
"141","bro_dofs_fine",5,1,1
"142","bro_f200",5,1,1
"143","bro_f200_raw",5,1,1
"144","bro_ltvcd",5,1,1
"145","bro_ltvcd_raw",5,1,1
"146","bro_pptv_200",5,1,1
"147","bro_vcd_200",5,1,1
"148","bro_vcd_200_raw",5,1,1
"149","cm3",5,2,2
"150","collection_method",5,5,1
"151","datetime_utc",5,1,1
"152","degredation",5,1,1
"153","degree",5,2,1
"154","err_aot361nm",5,1,1
"155","err_aot361nm_raw",5,1,1
"156","err_bro_f200",5,1,1
"157","err_bro_f200_raw",5,1,1
"158","err_bro_ltvcd",5,1,1
"159","err_bro_ltvcd_raw",5,1,1
"160","err_bro_pptv_200",5,1,1
"161","err_bro_vcd_200",5,1,1
"162","err_bro_vcd_200_raw",5,1,1
"163","err_ext361nm_200",5,1,1
"164","err_ext361nm_200_raw",5,1,1
"165","ethane",5,1,1
"166","exposure",5,2,1
"167","ext361nm_200",5,1,1
"168","ext361nm_200_raw",5,1,1
"169","flags",5,2,2
"170","gas_age_calendar_year",5,1,1
"171","glacial",5,2,1
"172","gravel",5,2,1
"173","ground",5,3,3
"174","landform",5,2,1
"175","m_validy",5,1,1
"176","num_spectra",5,1,1
"177","parent",5,2,1
"178","po4",5,1,1
"179","region",5,3,2
"180","stability",5,2,1
"181","tare",5,2,1
"182","topographic",5,2,1
"183","uncertainty",5,3,3
"184","valid_aer_dof200",5,1,1
"185","valid_aer_dofs_fine",5,1,1
"186","valid_aot361nm",5,1,1
"187","valid_bro_dof200",5,1,1
"188","valid_bro_dofaloft",5,1,1
"189","valid_bro_dofs_fine",5,1,1
"190","valid_bro_ltvcd_sig",5,1,1
"191","volumetric",5,2,1
"192","acrocarpous",4,2,1
"193","cal",4,1,1
"194","chroma",4,2,1
"195","comment",4,3,2
"196","concentration",4,1,1
"197","dd",4,2,1
"198","deg",4,2,2
"199","depth_m",4,3,3
"200","expected",4,1,1
"201","flag",4,4,2
"202","horizon",4,3,2
"203","hue",4,2,1
"204","mercury",4,1,1
"205","microsite",4,2,1
"206","month",4,2,2
"207","moss",4,2,1
"208","mvalidy",4,1,1
"209","ng",4,1,1
"210","observers",4,2,1
"211","percent",4,2,2
"212","physical",4,2,1
"213","pit",4,1,1
"214","pl1",4,1,1
"215","pl3",4,1,1
"216","pleurocarpous",4,2,1
"217","polygon",4,1,1
"218","releves",4,1,1
"219","resolution",4,1,1
"220","sampling",4,3,3
"221","site_id",4,1,1
"222","size",4,3,3
"223","slope",4,2,1
"224","spp",4,2,1
"225","sum",4,4,3
"226","summary",4,1,1
"227","tn",4,1,1
"228","toc",4,1,1
"229","treatment",4,3,3
"230","wet",4,1,1
"231","14c",3,2,2
"232","agc",3,2,1
"233","age",3,2,2
"234","average",3,1,1
"235","catch_id",3,1,1
"236","code",3,2,1
"237","cold",3,3,1
"238","dated",3,1,1
"239","description",3,2,2
"240","down_conn",3,1,1
"241","drill",3,3,1
"242","ec",3,1,1
"243","extraction",3,3,1
"244","fid",3,1,1
"245","filter",3,2,2
"246","gmc",3,1,1
"247","gravimetric",3,1,1
"248","hole",3,3,1
"249","hydconn",3,1,1
"250","julianday",3,1,1
"251","live",3,1,1
"252","melt",3,1,1
"253","min",3,2,2
"254","mo",3,1,1
"255","modalsize",3,3,1
"256","north",3,2,2
"257","organics",3,3,2
"258","p_se",3,3,1
"259","perimeter",3,1,1
"260","pgf",3,1,1
"261","phi_no2",3,1,1
"262","piece",3,3,1
"263","plots",3,2,2
"264","qy_error",3,1,1
"265","rate",3,1,1
"266","replication",3,1,1
"267","rfe",3,2,1
"268","rh.ice",3,1,1
"269","roadside",3,1,1
"270","sn",3,1,1
"271","species",3,2,2
"272","ss",3,2,1
"273","st.dev",3,1,1
"274","std",3,2,2
"275","subzone",3,1,1
"276","surf_geol",3,1,1
"277","t.rsd",3,1,1
"278","tavg",3,1,1
"279","tdew",3,1,1
"280","total",3,2,2
"281","total_conn",3,1,1
"282","totallakes",3,1,1
"283","trip",3,3,1
"284","up_conn",3,1,1
"285","vis",3,2,1
"286","wea",3,2,1
"287","zone",3,1,1
"288","0.45micrometer",2,1,1
"289","1",2,2,1
"290","10",2,1,1
"291","100",2,1,1
"292","1950",2,1,1
"293","1983",2,1,1
"294","2.6",2,1,1
"295","200",2,1,1
"296","2011",2,1,1
"297","2012",2,1,1
"298","2013",2,1,1
"299","2014",2,1,1
"300","25",2,1,1
"301","2s",2,1,1
"302","5",2,1,1
"303","50",2,1,1
"304","5g",2,1,1
"305","accuracy",2,1,1
"306","air_t",2,1,1
"307","animal",2,1,1
"308","area_sqkm",2,1,1
"309","basal",2,1,1
"310","basin_area",2,2,2
"311","basin_name",2,2,2
"312","calibrated",2,1,1
"313","category",2,2,2
"314","ch4",2,1,1
"315","class",2,2,2
"316","co2",2,1,1
"317","cog",2,1,1
"318","column",2,1,1
"319","count",2,2,2
"320","coupler",2,1,1
"321","ctbr_id",2,1,1
"322","ctdpres_dbar",2,2,1
"323","ctdscan_raw",2,2,1
"324","ctdtemp_2",2,2,1
"325","daybreak",2,1,1
"326","definition",2,1,1
"327","dew_t",2,1,1
"328","dissolved",2,1,1
"329","dissolved_mercury_flag",2,1,1
"330","doy_st",2,1,1
"331","east",2,1,1
"332","eness",2,1,1
"333","ephippia",2,1,1
"334","err",2,1,1
"335","exp_no",2,1,1
"336","factor",2,2,2
"337","family",2,1,1
"338","fence",2,2,2
"339","fig_a",2,1,1
"340","fig_b",2,1,1
"341","fig_c",2,1,1
"342","fig_d",2,1,1
"343","flag_nh3",2,1,1
"344","flag_no23",2,1,1
"345","flag_po4",2,1,1
"346","flag_sio2",2,1,1
"347","flow",2,1,1
"348","foxx_melt",2,1,1
"349","grid_column",2,2,2
"350","grid_row",2,2,2
"351","gull_melt",2,1,1
"352","habitat",2,2,2
"353","hare_melt",2,1,1
"354","hno3_µm",2,1,1
"355","hrbreak",2,1,1
"356","human",2,1,1
"357","i2",2,1,1
"358","ibuttons",2,1,1
"359","ich4",2,1,1
"360","ico2",2,1,1
"361","ir",2,1,1
"362","j2nb_s1",2,1,1
"363","jar2_melt",2,1,1
"364","k2so4",2,1,1
"365","komarkova",2,1,1
"366","land",2,1,1
"367","litter",2,2,1
"368","locations",2,1,1
"369","longwave",2,1,1
"370","lower",2,1,1
"371","matter",2,2,1
"372","mbar",2,1,1
"373","mbio",2,1,1
"374","nh4",2,1,1
"375","nh4_µm",2,1,1
"376","no3",2,1,1
"377","numberdistance",2,1,1
"378","ocean",2,2,2
"379","oid_",2,1,1
"380","otu.plots",2,1,1
"381","pctlakeare",2,1,1
"382","peat",2,1,1
"383","penetrated",2,1,1
"384","peptide",2,1,1
"385","press_radiometers",2,1,1
"386","proteinids",2,1,1
"387","psmid",2,1,1
"388","radio_transmitter",2,1,1
"389","ramet",2,1,1
"390","rel_hum",2,1,1
"391","res",2,1,1
"392","salt",2,1,1
"393","sbeox0ml",2,2,1
"394","score",2,1,1
"395","sec",2,1,1
"396","sen",2,1,1
"397","set",2,1,1
"398","shortwave",2,1,1
"399","snowpack",2,1,1
"400","sog",2,1,1
"401","soil_depth",2,2,2
"402","specific_conductivity_us_cm",2,1,1
"403","speed_cm_s",2,1,1
"404","statistical",2,1,1
"405","stop",2,1,1
"406","t_radiometers",2,1,1
"407","taxonomy",2,2,2
"408","tc",2,1,1
"409","temp",2,2,2
"410","terms",2,1,1
"411","tfpa",2,1,1
"412","timestamp",2,1,1
"413","trimble",2,1,1
"414","trs",2,1,1
"415","undecomposed",2,2,1
"416","uniqueid",2,1,1
"417","units",2,2,2
"418","upper",2,1,1
"419","vegeclass",2,1,1
"420","wind.az",2,1,1
"421","wind.sp",2,1,1
"422","x_dd",2,1,1
"423","x_dms",2,1,1
"424","y_dd",2,1,1
"425","y_dms",2,1,1
"426","yr",2,1,1
"427","µm",2,1,1
"428","1980",1,1,1
"429","222rn",1,1,1
"430","226ra",1,1,1
"431","40g",1,1,1
"432","aao",1,1,1
"433","abbr_site_name",1,1,1
"434","abbreviated",1,1,1
"435","abundance_method",1,1,1
"436","adjustment",1,1,1
"437","air",1,1,1
"438","air_height",1,1,1
"439","al",1,1,1
"440","alaska",1,1,1
"441","all_obs_reported",1,1,1
"442","amps",1,1,1
"443","analyst",1,1,1
"444","analytical",1,1,1
"445","ao",1,1,1
"446","applicable_range",1,1,1
"447","arctic",1,1,1
"448","area_acres",1,1,1
"449","artifact",1,1,1
"450","attached",1,1,1
"451","average_wave_height_m",1,1,1
"452","avg",1,1,1
"453","avg.attend",1,1,1
"454","avg.enrollment10.14.5yrs",1,1,1
"455","avg.grad",1,1,1
"456","avg.p.s.eth.an",1,1,1
"457","avg.p.s.gender.male",1,1,1
"458","avg.s.count.ayp",1,1,1
"459","avg.s.p.prof.m",1,1,1
"460","avg.s.p.prof.r",1,1,1
"461","avg.s.p.prof.w",1,1,1
"462","avg.t.count",1,1,1
"463","avg.t.retention",1,1,1
"464","avgd13ch4_permi",1,1,1
"465","b1notes",1,1,1
"466","b2notes",1,1,1
"467","b3notes",1,1,1
"468","b4notes",1,1,1
"469","band_change",1,1,1
"470","bare",1,1,1
"471","bearing_degree",1,1,1
"472","block",1,1,1
"473","bone",1,1,1
"474","boundaries",1,1,1
"475","buccal",1,1,1
"476","buffer",1,1,1
"477","c37",1,1,1
"478","calibrated_high",1,1,1
"479","calibrated_low",1,1,1
"480","calibrated_mean",1,1,1
"481","calibration",1,1,1
"482","cca",1,1,1
"483","cf",1,1,1
"484","chemistry",1,1,1
"485","chrysophyte",1,1,1
"486","class_prob",1,1,1
"487","cloth",1,1,1
"488","co2_analysis",1,1,1
"489","collection",1,1,1
"490","color_combo_different",1,1,1
"491","compound",1,1,1
"492","conceal",1,1,1
"493","conditionsnote",1,1,1
"494","conductivity",1,1,1
"495","confidence.ranking",1,1,1
"496","connected",1,1,1
"497","consistency",1,1,1
"498","container",1,1,1
"499","coordinates",1,1,1
"500","core_segment",1,1,1
"501","cortex",1,1,1
"502","cryo_a_clarity",1,1,1
"503","ctdstddev_do_1_volts",1,1,1
"504","ctdstddev_trans",1,1,1
"505","cultivated",1,1,1
"506","current_double_banded",1,1,1
"507","cysts",1,1,1
"508","d1_la",1,1,1
"509","d1_num",1,1,1
"510","d1_wt",1,1,1
"511","d18o",1,1,1
"512","d2_la",1,1,1
"513","d2_num",1,1,1
"514","d2_wt",1,1,1
"515","d25",1,1,1
"516","d3_la",1,1,1
"517","d3_num",1,1,1
"518","d3_wt",1,1,1
"519","d4_la",1,1,1
"520","d4_num",1,1,1
"521","d4_wt",1,1,1
"522","d5_la",1,1,1
"523","d5_num",1,1,1
"524","d5_wt",1,1,1
"525","d6_la",1,1,1
"526","d6_num",1,1,1
"527","d6_wt",1,1,1
"528","d75",1,1,1
"529","dailyrain_mm",1,1,1
"530","data_entry_comments",1,1,1
"531","datadate",1,1,1
"532","dataset",1,1,1
"533","date_time_deployed",1,1,1
"534","date_time_retrieved",1,1,1
"535","datetime",1,1,1
"536","day_used_for_hatch_date_or_last_date_checked",1,1,1
"537","days",1,1,1
"538","delta",1,1,1
"539","density",1,1,1
"540","density_n",1,1,1
"541","depth_n",1,1,1
"542","descriptive",1,1,1
"543","detached",1,1,1
"544","details.units",1,1,1
"545","detection_limit",1,1,1
"546","determination",1,1,1
"547","dev",1,1,1
"548","dfa_score",1,1,1
"549","diatom",1,1,1
"550","diatoma",1,1,1
"551","diploneis",1,1,1
"552","district.id",1,1,1
"553","district.name",1,1,1
"554","doc",1,1,1
"555","doc_ppm",1,1,1
"556","dominant_mineral_texture",1,1,1
"557","ecotox_blood",1,1,1
"558","element",1,1,1
"559","environmental",1,1,1
"560","error",1,1,1
"561","es",1,1,1
"562","eto",1,1,1
"563","event",1,1,1
"564","existing_cite",1,1,1
"565","exotics_counted",1,1,1
"566","expected2013",1,1,1
"567","f_captured",1,1,1
"568","f_validy",1,1,1
"569","factors.plot",1,1,1
"570","family_prob",1,1,1
"571","fate",1,1,1
"572","fate_evidence",1,1,1
"573","fcode",1,1,1
"574","fetch_m",1,1,1
"575","field",1,1,1
"576","fieldid",1,1,1
"577","file",1,1,1
"578","flag_c",1,1,1
"579","flag_n",1,1,1
"580","flags_condsal",1,1,1
"581","flags_temperature",1,1,1
"582","float",1,1,1
"583","frost",1,1,1
"584","frost_ref",1,1,1
"585","frost_spec",1,1,1
"586","ftype",1,1,1
"587","full_name.description",1,1,1
"588","full_site_name",1,1,1
"589","fvalidy",1,1,1
"590","fwsal",1,1,1
"591","fyi_myi",1,1,1
"592","genus",1,1,1
"593","genus_prob",1,1,1
"594","geobotany",1,1,1
"595","geomorphic_unit",1,1,1
"596","geomorphology",1,1,1
"597","globalid",1,1,1
"598","gnis_id",1,1,1
"599","gnis_name",1,1,1
"600","gpr_trace",1,1,1
"601","grab",1,1,1
"602","grains_per_tablet",1,1,1
"603","growth_rate",1,1,1
"604","growth.morphology",1,1,1
"605","guild",1,1,1
"606","gut",1,1,1
"607","hargreaves",1,1,1
"608","heading",1,1,1
"609","heading_degree",1,1,1
"610","highest.grade",1,1,1
"611","history",1,1,1
"612","hobr",1,1,1
"613","hom",1,1,1
"614","homogenized",1,1,1
"615","host",1,1,1
"616","hour",1,1,1
"617","how_cap",1,1,1
"618","how_fnd",1,1,1
"619","hz179_norm",1,1,1
"620","hz181_norm",1,1,1
"621","hz223_norm",1,1,1
"622","hz225_norm",1,1,1
"623","hz271_norm",1,1,1
"624","ibr",1,1,1
"625","icecore7beconcentration_error",1,1,1
"626","icecoresamplevolume_liters",1,1,1
"627","identities",1,1,1
"628","immune_blood",1,1,1
"629","incidental",1,1,1
"630","initiation",1,1,1
"631","installed",1,1,1
"632","instrument",1,1,1
"633","iso",1,1,1
"634","isolate",1,1,1
"635","isotope",1,1,1
"636","j2nb_1s",1,1,1
"637","k_cm_h",1,1,1
"638","kelp",1,1,1
"639","km",1,1,1
"640","laboratory",1,1,1
"641","lake",1,1,1
"642","lake_exp",1,1,1
"643","latitude_dd",1,1,1
"644","live_to_total_ratio",1,1,1
"645","locality_notes",1,1,1
"646","locationnotes",1,1,1
"647","longitude_dd",1,1,1
"648","lowest.grade",1,1,1
"649","m_captured",1,1,1
"650","m_la",1,1,1
"651","m_num",1,1,1
"652","m_wt",1,1,1
"653","macrofossil",1,1,1
"654","macrotopography_class",1,1,1
"655","majority",1,1,1
"656","manipulation",1,1,1
"657","manipulation_comments",1,1,1
"658","marginestriata",1,1,1
"659","material_dated",1,1,1
"660","max",1,1,1
"661","maximumicethickness_cm",1,1,1
"662","mbc",1,1,1
"663","mbn",1,1,1
"664","mean_lai",1,1,1
"665","mean_shrub_height",1,1,1
"666","measurementtype",1,1,1
"667","median",1,1,1
"668","meltpond7beconcentration_error",1,1,1
"669","meltpondsamplevolume_liters",1,1,1
"670","method",1,1,1
"671","mgretrans",1,1,1
"672","mic",1,1,1
"673","microsites",1,1,1
"674","microtopography_class",1,1,1
"675","min10break",1,1,1
"676","minority",1,1,1
"677","minus",1,1,1
"678","mld",1,1,1
"679","modified",1,1,1
"680","modifier",1,1,1
"681","more30kda_collagen",1,1,1
"682","mud",1,1,1
"683","mycorrhizal",1,1,1
"684","nao",1,1,1
"685","nav",1,1,1
"686","near_orig_site",1,1,1
"687","nep_g_m3_day",1,1,1
"688","nest_book_comments",1,1,1
"689","nest_contents",1,1,1
"690","netno",1,1,1
"691","nfixer",1,1,1
"692","notes_gps_change",1,1,1
"693","nretrans",1,1,1
"694","num_tablets",1,1,1
"695","numbera",1,1,1
"696","numberoflakessurveyed_n",1,1,1
"697","nwstake",1,1,1
"698","objectid",1,1,1
"699","objectid_1",1,1,1
"700","obs_comm",1,1,1
"701","oc",1,1,1
"702","one_tenth_wave_period_s",1,1,1
"703","order_prob",1,1,1
"704","order1",1,1,1
"705","organic_m",1,1,1
"706","otu",1,1,1
"707","paste",1,1,1
"708","perma",1,1,1
"709","permanent_",1,1,1
"710","permil",1,1,1
"711","pfc1",1,1,1
"712","pfc2",1,1,1
"713","ph",1,1,1
"714","photographer",1,1,1
"715","phycoerythrin_ug_l",1,1,1
"716","phylum",1,1,1
"717","phylum_prob",1,1,1
"718","pigment",1,1,1
"719","pna",1,1,1
"720","pore",1,1,1
"721","position_in_core",1,1,1
"722","poss_ppu",1,1,1
"723","prcp.yr",1,1,1
"724","pressure",1,1,1
"725","pressure_dbar",1,1,1
"726","pretrans",1,1,1
"727","profile",1,1,1
"728","published",1,1,1
"729","purpose",1,1,1
"730","pwtr",1,1,1
"731","quad",1,1,1
"732","r_se",1,1,1
"733","ra",1,1,1
"734","reachcode",1,1,1
"735","reaction",1,1,1
"736","read_length",1,1,1
"737","recalibrated_parameters",1,1,1
"738","recdatetime",1,1,1
"739","red.algae",1,1,1
"740","redox.mv",1,1,1
"741","regionname",1,1,1
"742","remove",1,1,1
"743","replacement_clutch",1,1,1
"744","replicate",1,1,1
"745","resight_btwn_year",1,1,1
"746","resightings",1,1,1
"747","respiration",1,1,1
"748","rik37",1,1,1
"749","rms",1,1,1
"750","rn",1,1,1
"751","rock",1,1,1
"752","rock_depth",1,1,1
"753","round",1,1,1
"754","s.y",1,1,1
"755","salinity",1,1,1
"756","sample_precision",1,1,1
"757","sample_quantity",1,1,1
"758","sampleid",1,1,1
"759","sar_platform",1,1,1
"760","scale",1,1,1
"761","scavenger",1,1,1
"762","scavenger_conc",1,1,1
"763","school.id",1,1,1
"764","school.name",1,1,1
"765","seaice",1,1,1
"766","section",1,1,1
"767","sed",1,1,1
"768","serial",1,1,1
"769","serial_no_rbr",1,1,1
"770","serial_no_tcm",1,1,1
"771","shape_area",1,1,1
"772","shape_leng",1,1,1
"773","shoreline_exp",1,1,1
"774","shortname",1,1,1
"775","significant_wave_period_s",1,1,1
"776","silva",1,1,1
"777","sitetype",1,1,1
"778","skewness_comment",1,1,1
"779","snow7beconcentration_error",1,1,1
"780","snowsamplevolume_liters",1,1,1
"781","soilorganichorizonthickness",1,1,1
"782","solute_location",1,1,1
"783","solution",1,1,1
"784","sound",1,1,1
"785","sound_vel",1,1,1
"786","source",1,1,1
"787","sourceagen",1,1,1
"788","spec_id",1,1,1
"789","species_prob",1,1,1
"790","species.plots",1,1,1
"791","specific",1,1,1
"792","speed",1,1,1
"793","speed_of_sound_m_s",1,1,1
"794","srt",1,1,1
"795","st",1,1,1
"796","st_depth",1,1,1
"797","stake",1,1,1
"798","standard_deviation_biovolume",1,1,1
"799","start",1,1,1
"800","stationtype",1,1,1
"801","std.dev.attend",1,1,1
"802","std.dev.enroll",1,1,1
"803","std.dev.grad",1,1,1
"804","std.dev.p.s.gender.male",1,1,1
"805","std.dev.s.count.ayp",1,1,1
"806","std.dev.s.p.prof.m",1,1,1
"807","std.dev.s.p.prof.r",1,1,1
"808","std.dev.s.p.prof.w",1,1,1
"809","std.dev.t.count",1,1,1
"810","std.dev.trentention",1,1,1
"811","stdev_226ra",1,1,1
"812","stdev_rn",1,1,1
"813","stdev.p.s.eth.an",1,1,1
"814","stdevd13ch4",1,1,1
"815","stdevobservedicethickness_cm",1,1,1
"816","stemp_id",1,1,1
"817","stopped",1,1,1
"818","structure",1,1,1
"819","studysource",1,1,1
"820","sublocation",1,1,1
"821","subregion",1,1,1
"822","subsample_correction_factor",1,1,1
"823","success",1,1,1
"824","surface_organic_depth",1,1,1
"825","surfacetype",1,1,1
"826","suspension",1,1,1
"827","swisurface",1,1,1
"828","t_validy",1,1,1
"829","taxon",1,1,1
"830","tch",1,1,1
"831","temperature_c",1,1,1
"832","tephras",1,1,1
"833","texture",1,1,1
"834","therm_alt",1,1,1
"835","tidal_slope_m_h",1,1,1
"836","tile",1,1,1
"837","title.i.status.count",1,1,1
"838","total_mercury_flag",1,1,1
"839","trophic.mode",1,1,1
"840","tundra",1,1,1
"841","tvalidy",1,1,1
"842","uames",1,1,1
"843","uciams",1,1,1
"844","uncal_error",1,1,1
"845","uncal_mean",1,1,1
"846","uncertain_of_fate",1,1,1
"847","uniqueid_1",1,1,1
"848","unit",1,1,1
"849","unk1_captured",1,1,1
"850","unk2_captured",1,1,1
"851","url",1,1,1
"852","use_gps",1,1,1
"853","vacutainer",1,1,1
"854","valves",1,1,1
"855","variety",1,1,1
"856","veg_completeness",1,1,1
"857","veg_lifeform_code",1,1,1
"858","veg_structure_class_code",1,1,1
"859","veg_type",1,1,1
"860","vegedescription",1,1,1
"861","vegename",1,1,1
"862","vegetated",1,1,1
"863","vel_e",1,1,1
"864","vel_e_cm_s",1,1,1
"865","vel_n",1,1,1
"866","vel_n_cm_s",1,1,1
"867","voltage_int_v",1,1,1
"868","vulgaris",1,1,1
"869","walker",1,1,1
"870","watercolumn7be_platform",1,1,1
"871","watercolumn7be_sampleid",1,1,1
"872","watercolumn7beconcentration_error",1,1,1
"873","watercolumnposition",1,1,1
"874","watertemp_c",1,1,1
"875","wave_energy_j_m2",1,1,1
"876","wavelength_nm",1,1,1
"877","west",1,1,1
"878","woy",1,1,1
"879","year_ai",1,1,1
"880","year_st",1,1,1
"881","zone_code",1,1,1
"882","µg",1,1,1
