identifier,viewURL,package_type,child_rm,parent_rm,parent_metadata_pid,notes,
urn:uuid:bd090a42-f1f6-4dcf-95d5-5f47544acdec,https://search.dataone.org/view/urn:uuid:bd090a42-f1f6-4dcf-95d5-5f47544acdec,standalone,,,,,
urn:uuid:fc2541a0-2669-4f16-aeb6-4022ca56928d,https://search.dataone.org/view/urn:uuid:fc2541a0-2669-4f16-aeb6-4022ca56928d,standalone,EC,,,,
doi:10.18739/A26T0GX06,https://search.dataone.org/view/doi:10.18739/A26T0GX06,standalone,,,,,
doi:10.18739/A2736M31X,https://search.dataone.org/view/doi:10.18739/A2736M31X,standalone,,,,,
doi:10.18739/A29882N5H,https://search.dataone.org/view/doi:10.18739/A29882N5H,standalone,,,,,
doi:10.18739/A2NV99B09,https://search.dataone.org/view/doi:10.18739/A2NV99B09,standalone,,,,,
doi:10.18739/A2M61BQ8M,https://search.dataone.org/view/doi:10.18739/A2M61BQ8M,standalone,,,,,
doi:10.18739/A2PN8XG4B,https://search.dataone.org/view/doi:10.18739/A2PN8XG4B,standalone,,,,,
doi:10.18739/A2V97ZR7H,https://search.dataone.org/view/doi:10.18739/A2V97ZR7H,standalone,,,,,
doi:10.18739/A2VM42Z20,https://search.dataone.org/view/doi:10.18739/A2VM42Z20,standalone,,,,,
urn:uuid:2c3d353f-9353-45c9-aeb6-d322171d6f78,https://search.dataone.org/view/urn:uuid:2c3d353f-9353-45c9-aeb6-d322171d6f78,standalone,,,,,
urn:uuid:1d74e61a-ad8c-411a-a204-0b9a04ce860c,https://search.dataone.org/view/urn:uuid:1d74e61a-ad8c-411a-a204-0b9a04ce860c,standalone,,,,,
urn:uuid:68c94e7d-422f-4b09-8274-25e384cfef09,https://search.dataone.org/view/urn:uuid:68c94e7d-422f-4b09-8274-25e384cfef09,standalone,,,,,
urn:uuid:56d1f42c-31d5-49e9-bea9-59a41b8045cd,https://search.dataone.org/view/urn:uuid:56d1f42c-31d5-49e9-bea9-59a41b8045cd,standalone,,,,,
urn:uuid:8db1b253-40d2-4ce5-a47a-057dd9ec6adc,https://search.dataone.org/view/urn:uuid:8db1b253-40d2-4ce5-a47a-057dd9ec6adc,standalone,,,,,
doi:10.18739/A23G4F,https://search.dataone.org/view/doi:10.18739/A23G4F,child,resource_map_doi:10.18739/A23G4F,resource_map_urn:uuid:baa7f48f-93d9-47d6-88ed-36e84d030e63,urn:uuid:baa7f48f-93d9-47d6-88ed-36e84d030e63,,
doi:10.18739/A23B5W786,https://search.dataone.org/view/doi:10.18739/A23B5W786,MULTINESTING,,,,,
doi:10.18739/A23B5W82R,https://search.dataone.org/view/doi:10.18739/A23B5W82R,MULTINESTING,,,,,
doi:10.18739/A23J39198,https://search.dataone.org/view/doi:10.18739/A23J39198,MULTINESTING,,,,,
doi:10.18739/A23J3912W,https://search.dataone.org/view/doi:10.18739/A23J3912W,standalone,,,,,
doi:10.18739/A23F4KN90,https://search.dataone.org/view/doi:10.18739/A23F4KN90,too long to load,,,,,
doi:10.18739/A23X83M2Q,https://search.dataone.org/view/doi:10.18739/A23X83M2Q,too long to load,,,,,
doi:10.18739/A23R0PT8K,https://search.dataone.org/view/doi:10.18739/A23R0PT8K,MULTINESTING,,,,,
doi:10.18739/A23R0PT2P,https://search.dataone.org/view/doi:10.18739/A23R0PT2P,MULTINESTING,,,,,
doi:10.18739/A23S1D,https://search.dataone.org/view/doi:10.18739/A23S1D,child,resource_map_doi:10.18739/A23S1D,resource_map_urn:uuid:bb14bf86-79eb-4a84-9734-4a1de99523d1,urn:uuid:bb14bf86-79eb-4a84-9734-4a1de99523d1,,
doi:10.18739/A2000012K,https://search.dataone.org/view/doi:10.18739/A2000012K,MULTINESTING,,,,,
doi:10.18739/A2028PD2H,https://search.dataone.org/view/doi:10.18739/A2028PD2H,standalone,,,,,
doi:10.18739/A2057CS9R,https://search.dataone.org/view/doi:10.18739/A2057CS9R,too long to load,,,,,
doi:10.18739/A20P0WQ9K,https://search.dataone.org/view/doi:10.18739/A20P0WQ9K,MULTINESTING,,,,,
doi:10.18739/A20P0WR53,https://search.dataone.org/view/doi:10.18739/A20P0WR53,too long to load,,,,,
doi:10.18739/A20P0WR0P,https://search.dataone.org/view/doi:10.18739/A20P0WR0P,standalone,,,,,
doi:10.18739/A20P0WR15,https://search.dataone.org/view/doi:10.18739/A20P0WR15,standalone,,,,,
doi:10.18739/A20P2T,https://search.dataone.org/view/doi:10.18739/A20P2T,child,resource_map_doi:10.18739/A20P2T,resource_map_urn:uuid:baa7f48f-93d9-47d6-88ed-36e84d030e63,urn:uuid:baa7f48f-93d9-47d6-88ed-36e84d030e63,,
doi:10.18739/A20R9M45T,https://search.dataone.org/view/doi:10.18739/A20R9M45T,too long to load,,,,,
doi:10.18739/A20R9M47S,https://search.dataone.org/view/doi:10.18739/A20R9M47S,standalone,,,,,
doi:10.18739/A20R9M42C,https://search.dataone.org/view/doi:10.18739/A20R9M42C,standalone,,,,,
doi:10.18739/A20Z70X4H,https://search.dataone.org/view/doi:10.18739/A20Z70X4H,too long to load,,,,,
doi:10.18739/A20V89J16,https://search.dataone.org/view/doi:10.18739/A20V89J16,standalone,,,,,
doi:10.18739/A2222R59X,https://search.dataone.org/view/doi:10.18739/A2222R59X,child,resource_map_doi:10.18739/A2222R59X,resource_map_urn:uuid:5ea936e9-862b-42d7-89cf-17a38473e7a8,,urn:uuid:5ea936e9-862b-42d7-89cf-17a38473e7a8,
doi:10.18739/A22N4ZJ4J,https://search.dataone.org/view/doi:10.18739/A22N4ZJ4J,too long to load,,,,,
doi:10.18739/A22B8VC2H,https://search.dataone.org/view/doi:10.18739/A22B8VC2H,standalone,,,,,
doi:10.18739/A22F7JR7S,https://search.dataone.org/view/doi:10.18739/A22F7JR7S,standalone,,,,,
doi:10.18739/A22R3NX6C,https://search.dataone.org/view/doi:10.18739/A22R3NX6C,too long to load,,,,,
doi:10.18739/A22Z12P4J,https://search.dataone.org/view/doi:10.18739/A22Z12P4J,child,resource_map_doi:10.18739/A22Z12P4J,resource_map_urn:uuid:a4f04016-8b28-4523-9575-036829ddd4db,urn:uuid:a4f04016-8b28-4523-9575-036829ddd4db,,
doi:10.18739/A22Z12Q3H,https://search.dataone.org/view/doi:10.18739/A22Z12Q3H,MULTINESTING,,,,,
doi:10.18739/A2154DP90,https://search.dataone.org/view/doi:10.18739/A2154DP90,child,resource_map_doi:10.18739/A2154DP90,resource_map_urn:uuid:056abd54-e91b-4c9f-a36a-5adb9db15175,urn:uuid:056abd54-e91b-4c9f-a36a-5adb9db15175,,
doi:10.18739/A21N7XM2W,https://search.dataone.org/view/doi:10.18739/A21N7XM2W,MULTINESTING,,,,,
doi:10.18739/A21N7XN49,https://search.dataone.org/view/doi:10.18739/A21N7XN49,MULTINESTING,,,,,
doi:10.18739/A21G0HV73,https://search.dataone.org/view/doi:10.18739/A21G0HV73,too long to load,,,,,
doi:10.18739/A21P3H,https://search.dataone.org/view/doi:10.18739/A21P3H,child,resource_map_doi:10.18739/A21P3H,Êresource_map_urn:uuid:baa7f48f-93d9-47d6-88ed-36e84d030e63,urn:uuid:baa7f48f-93d9-47d6-88ed-36e84d030e63,,
doi:10.18739/A21Z41T4R,https://search.dataone.org/view/doi:10.18739/A21Z41T4R,too long to load,,,,,
doi:10.18739/A23775W1C,https://search.dataone.org/view/doi:10.18739/A23775W1C,standalone,,,,,
doi:10.18739/A23775V7T,https://search.dataone.org/view/doi:10.18739/A23775V7T,MULTINESTING,,,,,
doi:10.18739/A2319S316,https://search.dataone.org/view/doi:10.18739/A2319S316,standalone,,,,,
doi:10.18739/A27M0409J,https://search.dataone.org/view/doi:10.18739/A27M0409J,standalone,,,,,
doi:10.18739/A27G4P,https://search.dataone.org/view/doi:10.18739/A27G4P,child,resource_map_doi:10.18739/A27G4P,resource_map_urn:uuid:0e4a16c5-7ebb-47f1-abf2-259c2c08f084,urn:uuid:2bb716a2-35dc-400a-9c4a-9db9a7a03cb4,,
doi:10.18739/A27H1DN2B,https://search.dataone.org/view/doi:10.18739/A27H1DN2B,too long to load,,,,,
doi:10.18739/A27W6763M,https://search.dataone.org/view/doi:10.18739/A27W6763M,child,resource_map_urn:uuid:76bbe771-4e60-414a-9094-9526156a1baa,resource_map_doi:10.18739/A21C1TG6R,doi:10.18739/A21C1TG6R,,
doi:10.18739/A24746S04,https://search.dataone.org/view/doi:10.18739/A24746S04,child,resource_map_urn:uuid:84a15fa9-4045-479c-9fb3-c84bfe79049c,resource_map_urn:uuid:056abd54-e91b-4c9f-a36a-5adb9db15175,urn:uuid:056abd54-e91b-4c9f-a36a-5adb9db15175,,
doi:10.18739/A2416T02X,https://search.dataone.org/view/doi:10.18739/A2416T02X,standalone,,,,,
doi:10.18739/A24G4R,https://search.dataone.org/view/doi:10.18739/A24G4R,child,resource_map_doi:10.18739/A24G4R,resource_map_urn:uuid:baa7f48f-93d9-47d6-88ed-36e84d030e63,urn:uuid:baa7f48f-93d9-47d6-88ed-36e84d030e63,,
doi:10.18739/A24J09X6N,https://search.dataone.org/view/doi:10.18739/A24J09X6N,standalone,,,,,
doi:10.18739/A24J09X8M,https://search.dataone.org/view/doi:10.18739/A24J09X8M,MULTINESTING,,,,,
doi:10.18739/A24F1MJ97,https://search.dataone.org/view/doi:10.18739/A24F1MJ97,MULTINESTING,,,,,
doi:10.18739/A24F1MJ3B,https://search.dataone.org/view/doi:10.18739/A24F1MJ3B,MULTINESTING,,,,,
doi:10.18739/A24F1MK1T,https://search.dataone.org/view/doi:10.18739/A24F1MK1T,WEIRD,,,,,
doi:10.18739/A24Q7QP6V,https://search.dataone.org/view/doi:10.18739/A24Q7QP6V,standalone,,,,,
doi:10.18739/A24Q7QQ88,https://search.dataone.org/view/doi:10.18739/A24Q7QQ88,too long to load,,,,,
doi:10.18739/A24T6F334,https://search.dataone.org/view/doi:10.18739/A24T6F334,child,resource_map_doi:10.18739/A24T6F334,resource_map_urn:uuid:5ea936e9-862b-42d7-89cf-17a38473e7a8,urn:uuid:5ea936e9-862b-42d7-89cf-17a38473e7a8,,
doi:10.18739/A26688J9Z,https://search.dataone.org/view/doi:10.18739/A26688J9Z,standalone,,,,,
doi:10.18739/A26H4CQ53,https://search.dataone.org/view/doi:10.18739/A26H4CQ53,MULTINESTING,,,,,
doi:10.18739/A26H4CQ72,https://search.dataone.org/view/doi:10.18739/A26H4CQ72,standalone,,,,,
doi:10.18739/A26H4CR1M,https://search.dataone.org/view/doi:10.18739/A26H4CR1M,MULTINESTING,,,,,
doi:10.18739/A26D5PB76,https://search.dataone.org/view/doi:10.18739/A26D5PB76,MULTINESTING,,,,,
doi:10.18739/A26D5PB19,https://search.dataone.org/view/doi:10.18739/A26D5PB19,MULTINESTING,,,,,
doi:10.18739/A26D5PB2S,https://search.dataone.org/view/doi:10.18739/A26D5PB2S,child,resource_map_doi:10.18739/A26D5PB2S,resource_map_urn:uuid:1b37d919-c8ce-4435-8e87-32a4237ba2e0,urn:uuid:223d872e-ad5b-484e-800e-24d3230f5c43,,
doi:10.18739/A26W9688B,https://search.dataone.org/view/doi:10.18739/A26W9688B,standalone,,,,,
doi:10.18739/A26Q1SH6S,https://search.dataone.org/view/doi:10.18739/A26Q1SH6S,MULTINESTING,,,,,
doi:10.18739/A25717P1V,https://search.dataone.org/view/doi:10.18739/A25717P1V,MULTINESTING,,,,,
doi:10.18739/A25717P2B,https://search.dataone.org/view/doi:10.18739/A25717P2B,standalone,,,,,
doi:10.18739/A2513TW2R,https://search.dataone.org/view/doi:10.18739/A2513TW2R,standalone,,,,,
doi:10.18739/A2599Z254,https://search.dataone.org/view/doi:10.18739/A2599Z254,child,resource_map_urn:uuid:b8f6afb0-fbae-43e0-9977-7f4f870de723,resource_map_doi:10.18739/A2ZK55N25,doi:10.18739/A2ZK55N25,,
doi:10.18739/A2599Z26M,https://search.dataone.org/view/doi:10.18739/A2599Z26M,standalone,,,,,
doi:10.18739/A25H7BV1C,https://search.dataone.org/view/doi:10.18739/A25H7BV1C,standalone,,,,,
doi:10.18739/A25C6S,https://search.dataone.org/view/doi:10.18739/A25C6S,child,resource_map_doi:10.18739/A25C6S,resource_map_urn:uuid:51cc87e5-da30-431b-8bdf-21a671db1240,urn:uuid:51cc87e5-da30-431b-8bdf-21a671db1240,,
doi:10.18739/A25D8ND61,https://search.dataone.org/view/doi:10.18739/A25D8ND61,MULTINESTING,,,,,
doi:10.18739/A25D8NF8F,https://search.dataone.org/view/doi:10.18739/A25D8NF8F,MULTINESTING,,,,,
doi:10.18739/A25D8NF2J,https://search.dataone.org/view/doi:10.18739/A25D8NF2J,MULTINESTING,,,,,
doi:10.18739/A25P3R,https://search.dataone.org/view/doi:10.18739/A25P3R,child,resource_map_doi:10.18739/A25P3R,resource_map_urn:uuid:baa7f48f-93d9-47d6-88ed-36e84d030e63,urn:uuid:baa7f48f-93d9-47d6-88ed-36e84d030e63,,
doi:10.18739/A25Q4RM71,https://search.dataone.org/view/doi:10.18739/A25Q4RM71,too long to load,,,,,
doi:10.18739/A25Q4RM33,https://search.dataone.org/view/doi:10.18739/A25Q4RM33,standalone,,,,,
doi:10.18739/A25T3G02W,https://search.dataone.org/view/doi:10.18739/A25T3G02W,child,resource_map_doi:10.18739/A25T3G02W,resource_map_urn:uuid:5ea936e9-862b-42d7-89cf-17a38473e7a8,urn:uuid:5ea936e9-862b-42d7-89cf-17a38473e7a8,,
doi:10.18739/A2707WN9M,https://search.dataone.org/view/doi:10.18739/A2707WN9M,MULTINESTING,,,,,
doi:10.18739/A2707WP4N,https://search.dataone.org/view/doi:10.18739/A2707WP4N,standalone,,,,,
doi:10.18739/A27940V24,https://search.dataone.org/view/doi:10.18739/A27940V24,too long to load,,,,,
doi:10.18739/A2736M18D,https://search.dataone.org/view/doi:10.18739/A2736M18D,MULTINESTING,,,,,
doi:10.18739/A27659G5Q,https://search.dataone.org/view/doi:10.18739/A27659G5Q,standalone,,,,,
doi:10.18739/A27659G3R,https://search.dataone.org/view/doi:10.18739/A27659G3R,MULTINESTING,,,,,
doi:10.18739/A2804XK1F,https://search.dataone.org/view/doi:10.18739/A2804XK1F,standalone,,,,,
doi:10.18739/A2828C,https://search.dataone.org/view/doi:10.18739/A2828C,MULTINESTING,,,,,
doi:10.18739/A28911R1W,https://search.dataone.org/view/doi:10.18739/A28911R1W,standalone,,,,,
doi:10.18739/A28911R3V,https://search.dataone.org/view/doi:10.18739/A28911R3V,too long to load,,,,,
doi:10.18739/A2862BB7G,https://search.dataone.org/view/doi:10.18739/A2862BB7G,MULTINESTING,,,,,
doi:10.18739/A2862BC0J,https://search.dataone.org/view/doi:10.18739/A2862BC0J,standalone,,,,,
doi:10.18739/A2862BC30,https://search.dataone.org/view/doi:10.18739/A2862BC30,too long to load,,,,,
doi:10.18739/A28G8FJ21,https://search.dataone.org/view/doi:10.18739/A28G8FJ21,too long to load,,,,,
doi:10.18739/A28P3P,https://search.dataone.org/view/doi:10.18739/A28P3P,child,resource_map_doi:10.18739/A28P3P,resource_map_urn:uuid:baa7f48f-93d9-47d6-88ed-36e84d030e63,urn:uuid:baa7f48f-93d9-47d6-88ed-36e84d030e63,,
doi:10.18739/A28S4JP6K,https://search.dataone.org/view/doi:10.18739/A28S4JP6K,standalone,,,,,
doi:10.18739/A2901ZG63,https://search.dataone.org/view/doi:10.18739/A2901ZG63,too long to load,,,,,
doi:10.18739/A29882N8Z,https://search.dataone.org/view/doi:10.18739/A29882N8Z,child,resource_map_doi:10.18739/A29882N8Z,resource_map_doi:10.18739/A2D21RK2N,doi:10.18739/A2D21RK2N,,
doi:10.18739/A2928P,https://search.dataone.org/view/doi:10.18739/A2928P,child,resource_map_doi:10.18739/A2928P,resource_map_urn:uuid:51cc87e5-da30-431b-8bdf-21a671db1240,urn:uuid:51cc87e5-da30-431b-8bdf-21a671db1240,,
doi:10.18739/A2930NV5G,https://search.dataone.org/view/doi:10.18739/A2930NV5G,standalone,,,,,
doi:10.18739/A2959C81Q,https://search.dataone.org/view/doi:10.18739/A2959C81Q,too long to load,,,,,
doi:10.18739/A29G5GD58,https://search.dataone.org/view/doi:10.18739/A29G5GD58,standalone,,,,,
doi:10.18739/A29G5GD77,https://search.dataone.org/view/doi:10.18739/A29G5GD77,WEIRD,,,,,
doi:10.18739/A29G5GD39,https://search.dataone.org/view/doi:10.18739/A29G5GD39,child,resource_map_doi:10.18739/A29G5GD39,resource_map_doi:10.18739/A2Z60C21V,doi:10.18739/A2Z60C21V,,
doi:10.18739/A29G5GF09,https://search.dataone.org/view/doi:10.18739/A29G5GF09,too long to load,,,,,
doi:10.18739/A29K45S73,https://search.dataone.org/view/doi:10.18739/A29K45S73,child,resource_map_doi:10.18739/A29K45S73,resource_map_urn:uuid:5ea936e9-862b-42d7-89cf-17a38473e7a8,urn:uuid:5ea936e9-862b-42d7-89cf-17a38473e7a8,,
doi:10.18739/A29P2W65G,https://search.dataone.org/view/doi:10.18739/A29P2W65G,standalone,,,,,
doi:10.18739/A29Z90C6V,https://search.dataone.org/view/doi:10.18739/A29Z90C6V,too long to load,,,,,
doi:10.18739/A2CN6Z06W,https://search.dataone.org/view/doi:10.18739/A2CN6Z06W,child,resource_map_urn:uuid:1bb9e5bf-889f-44b2-a65f-1cd4d2eed706,resource_map_doi:10.18739/A21C1TG6R,doi:10.18739/A21C1TG6R,,
doi:10.18739/A2CN6Z03F,https://search.dataone.org/view/doi:10.18739/A2CN6Z03F,standalone,,,,,
doi:10.18739/A2CC4W,https://search.dataone.org/view/doi:10.18739/A2CC4W,child,resource_map_doi:10.18739/A2CC4W,resource_map_urn:uuid:0e4a16c5-7ebb-47f1-abf2-259c2c08f084,doi:10.18739/A2VC60,,
doi:10.18739/A2CF9J675,https://search.dataone.org/view/doi:10.18739/A2CF9J675,standalone,,,,,
doi:10.18739/A2CW0J,https://search.dataone.org/view/doi:10.18739/A2CW0J,child,resource_map_doi:10.18739/A2CW0J,resource_map_doi:10.18739/A2VS2M,doi:10.18739/A2VS2M,,
doi:10.18739/A2CZ3256B,https://search.dataone.org/view/doi:10.18739/A2CZ3256B,too long to load,,,,,
doi:10.18739/A2CZ3259S,https://search.dataone.org/view/doi:10.18739/A2CZ3259S,WEIRD,,,,,
doi:10.18739/A2CZ3250F,https://search.dataone.org/view/doi:10.18739/A2CZ3250F,MULTINESTING,,,,,
doi:10.18739/A2CZ3253W,https://search.dataone.org/view/doi:10.18739/A2CZ3253W,standalone,,,,,
doi:10.18739/A2B853H78,https://search.dataone.org/view/doi:10.18739/A2B853H78,standalone,,,,,
doi:10.18739/A2B853J5R,https://search.dataone.org/view/doi:10.18739/A2B853J5R,too long to load,,,,,
doi:10.18739/A2B27PR74,https://search.dataone.org/view/doi:10.18739/A2B27PR74,too long to load,,,,,
doi:10.18739/A2B27PR93,https://search.dataone.org/view/doi:10.18739/A2B27PR93,too long to load,,,,,
doi:10.18739/A2B56D46X,https://search.dataone.org/view/doi:10.18739/A2B56D46X,standalone,,,,,
doi:10.18739/A2B56D48W,https://search.dataone.org/view/doi:10.18739/A2B56D48W,standalone,,,,,
doi:10.18739/A2BN9X374,https://search.dataone.org/view/doi:10.18739/A2BN9X374,standalone,,,,,
doi:10.18739/A2BN9X32Q,https://search.dataone.org/view/doi:10.18739/A2BN9X32Q,too long to load,,,,,
doi:10.18739/A2BC3SX8P,https://search.dataone.org/view/doi:10.18739/A2BC3SX8P,too long to load,,,,,
doi:10.18739/A2BZ6187K,https://search.dataone.org/view/doi:10.18739/A2BZ6187K,MULTINESTING,,,,,
doi:10.18739/A2BZ6189J,https://search.dataone.org/view/doi:10.18739/A2BZ6189J,WEIRD,,,,,
doi:10.18739/A2C824F6G,https://search.dataone.org/view/doi:10.18739/A2C824F6G,too long to load,,,,,
doi:10.18739/A2C824F2J,https://search.dataone.org/view/doi:10.18739/A2C824F2J,standalone,,,,,
doi:10.18739/A2C24QN7C,https://search.dataone.org/view/doi:10.18739/A2C24QN7C,too long to load,,,,,
doi:10.18739/A2C53F17N,https://search.dataone.org/view/doi:10.18739/A2C53F17N,child,resource_map_doi:10.18739/A2C53F17N,resource_map_urn:uuid:2784d0e1-5d92-4275-8ed9-3a0e3cff8ce2,urn:uuid:2784d0e1-5d92-4275-8ed9-3a0e3cff8ce2,,
doi:10.18739/A2GM81P42,https://search.dataone.org/view/doi:10.18739/A2GM81P42,standalone,,,,,
doi:10.18739/A2GQ6R27D,https://search.dataone.org/view/doi:10.18739/A2GQ6R27D,standalone,,,,,
doi:10.18739/A2GQ6R30G,https://search.dataone.org/view/doi:10.18739/A2GQ6R30G,too long to load,,,,,
doi:10.18739/A2GQ6R33X,https://search.dataone.org/view/doi:10.18739/A2GQ6R33X,standalone,,,,,
doi:10.18739/A2GT5FG5R,https://search.dataone.org/view/doi:10.18739/A2GT5FG5R,child,resource_map_doi:10.18739/A2GT5FG5R,resource_map_doi:10.18739/A2D21RK2N,doi:10.18739/A2D21RK2N,,
doi:10.18739/A2GT5FG0B,https://search.dataone.org/view/doi:10.18739/A2GT5FG0B,standalone,,,,,
doi:10.18739/A2GT5FG29,https://search.dataone.org/view/doi:10.18739/A2GT5FG29,too long to load,,,,,
doi:10.18739/A2D795976,https://search.dataone.org/view/doi:10.18739/A2D795976,child,resource_map_doi:10.18739/A2D795976,resource_map_urn:uuid:3c0a7cc1-cb9c-46d5-8bae-1aeaef358454,urn:uuid:3c0a7cc1-cb9c-46d5-8bae-1aeaef358454,,
doi:10.18739/A2D795B5P,https://search.dataone.org/view/doi:10.18739/A2D795B5P,too long to load,,,,,
doi:10.18739/A2D795B08,https://search.dataone.org/view/doi:10.18739/A2D795B08,child,resource_map_doi:10.18739/A2D795B08,resource_map_urn:uuid:e30a21da-fe7f-4baf-ade5-bfcf9eb07084,urn:uuid:e30a21da-fe7f-4baf-ade5-bfcf9eb07084,,
doi:10.18739/A2D21RJ83,https://search.dataone.org/view/doi:10.18739/A2D21RJ83,too long to load,,,,,
doi:10.18739/A2D55H,https://search.dataone.org/view/doi:10.18739/A2D55H,too long to load,,,,,
doi:10.18739/A2D50FX7G,https://search.dataone.org/view/doi:10.18739/A2D50FX7G,child,resource_map_doi:10.18739/A2D50FX7G,resource_map_urn:uuid:ffab09ca-4cf7-43ba-8cab-88fb83d86881,urn:uuid:580dd0d5-bf51-4caf-973f-1ea377d7f00b,,
doi:10.18739/A2DB7VQ93,https://search.dataone.org/view/doi:10.18739/A2DB7VQ93,child,resource_map_doi:10.18739/A2DB7VQ93,resource_map_doi:10.18739/A27M04152,doi:10.18739/A27M04152,,
doi:10.18739/A2DB7VQ2Q,https://search.dataone.org/view/doi:10.18739/A2DB7VQ2Q,standalone,,,,,
doi:10.18739/A2DC5K,https://search.dataone.org/view/doi:10.18739/A2DC5K,child,resource_map_doi:10.18739/A2DC5K,resource_map_urn:uuid:baa7f48f-93d9-47d6-88ed-36e84d030e63,urn:uuid:baa7f48f-93d9-47d6-88ed-36e84d030e63,,
doi:10.18739/A2DJ58G59,https://search.dataone.org/view/doi:10.18739/A2DJ58G59,child,resource_map_doi:10.18739/A2Z892G3K,resource_map_urn:uuid:130e9f56-7142-42cd-9a7c-4fc56366a9b7,urn:uuid:130e9f56-7142-42cd-9a7c-4fc56366a9b7,,
doi:10.18739/A2DJ58H0B,https://search.dataone.org/view/doi:10.18739/A2DJ58H0B,standalone,,,,,
doi:10.18739/A2DF71,https://search.dataone.org/view/doi:10.18739/A2DF71,standalone,,,,,
doi:10.18739/A2DR2P85H,https://search.dataone.org/view/doi:10.18739/A2DR2P85H,standalone,,,,,
doi:10.18739/A2DR2P90J,https://search.dataone.org/view/doi:10.18739/A2DR2P90J,too long to load,,,,,
doi:10.18739/A2DZ0320P,https://search.dataone.org/view/doi:10.18739/A2DZ0320P,standalone,,,,,
doi:10.18739/A2DV1CN7B,https://search.dataone.org/view/doi:10.18739/A2DV1CN7B,standalone,,,,,
doi:10.18739/A2DV1CP3V,https://search.dataone.org/view/doi:10.18739/A2DV1CP3V,too long to load,,,,,
doi:10.18739/A2F76668X,https://search.dataone.org/view/doi:10.18739/A2F76668X,child,resource_map_doi:10.18739/A2F76668X,resource_map_doi:10.18739/A2Z60C21V,doi:10.18739/A2Z60C21V,,
doi:10.18739/A2F18SF3C,https://search.dataone.org/view/doi:10.18739/A2F18SF3C,MUlTINESTING,,,,,
doi:10.18739/A2F47GV26,https://search.dataone.org/view/doi:10.18739/A2F47GV26,too long to load,,,,,
doi:10.18739/A2FB4WM1G,https://search.dataone.org/view/doi:10.18739/A2FB4WM1G,child,resource_map_doi:10.18739/A2FB4WM1G,resource_map_urn:uuid:5ea936e9-862b-42d7-89cf-17a38473e7a8,urn:uuid:5ea936e9-862b-42d7-89cf-17a38473e7a8,,
doi:10.18739/A2FJ29D12,https://search.dataone.org/view/doi:10.18739/A2FJ29D12,MUlTINESTING,,,,,
doi:10.18739/A2FF3M10Q,https://search.dataone.org/view/doi:10.18739/A2FF3M10Q,child,resource_map_urn:uuid:32424c70-3d93-49a4-8cda-0bfd12581344,resource_map_doi:10.18739/A2RV0D17D,doi:10.18739/A2RV0D17D,,
doi:10.18739/A2FQ9Q607,https://search.dataone.org/view/doi:10.18739/A2FQ9Q607,too long to load,,,,,
doi:10.18739/A2FX73Z1F,https://search.dataone.org/view/doi:10.18739/A2FX73Z1F,standalone,,,,,
doi:10.18739/A2FT8DK22,https://search.dataone.org/view/doi:10.18739/A2FT8DK22,too long to load,,,,,
doi:10.18739/A2FT8DK3J,https://search.dataone.org/view/doi:10.18739/A2FT8DK3J,too long to load,,,,,
doi:10.18739/A2G15TB9H,https://search.dataone.org/view/doi:10.18739/A2G15TB9H,too long to load,,,,,
doi:10.18739/A2G15TB3M,https://search.dataone.org/view/doi:10.18739/A2G15TB3M,MUlTINESTING,,,,,
doi:10.18739/A2G44HR2F,https://search.dataone.org/view/doi:10.18739/A2G44HR2F,too long to load,,,,,
doi:10.18739/A2KH0F03F,https://search.dataone.org/view/doi:10.18739/A2KH0F03F,MUlTINESTING,,,,,
doi:10.18739/A2KD1QK3Q,https://search.dataone.org/view/doi:10.18739/A2KD1QK3Q,standalone,,,,,
doi:10.18739/A2KK94C7P,https://search.dataone.org/view/doi:10.18739/A2KK94C7P,too long to load,,,,,
doi:10.18739/A2KK94C85,https://search.dataone.org/view/doi:10.18739/A2KK94C85,MUlTINESTING,,,,,
doi:10.18739/A2KW57J7R,https://search.dataone.org/view/doi:10.18739/A2KW57J7R,too long to load,,,,,
doi:10.18739/A2KS6J47F,https://search.dataone.org/view/doi:10.18739/A2KS6J47F,MUlTINESTING,,,,,
doi:10.18739/A2KS6J52G,https://search.dataone.org/view/doi:10.18739/A2KS6J52G,MUlTINESTING,,,,,
doi:10.18739/A2H00T,https://search.dataone.org/view/doi:10.18739/A2H00T,child,resource_map_doi:10.18739/A2H00T,resource_map_urn:uuid:baa7f48f-93d9-47d6-88ed-36e84d030e63,urn:uuid:baa7f48f-93d9-47d6-88ed-36e84d030e63,,
doi:10.18739/A2H708100,https://search.dataone.org/view/doi:10.18739/A2H708100,standalone,,,,,
doi:10.18739/A2H12V769,https://search.dataone.org/view/doi:10.18739/A2H12V769,standalone,,,,,
doi:10.18739/A2H12V79R,https://search.dataone.org/view/doi:10.18739/A2H12V79R,MUlTINESTING,,,,,
doi:10.18739/A2H12V80V,https://search.dataone.org/view/doi:10.18739/A2H12V80V,standalone,,,,,
doi:10.18739/A2HM52K5S,https://search.dataone.org/view/doi:10.18739/A2HM52K5S,child,resource_map_urn:uuid:5e02b35f-c151-491c-ba5f-28729393f9ee,resource_map_doi:10.18739/A23B5W86P,doi:10.18739/A23B5W86P,,
doi:10.18739/A2HM52K68,https://search.dataone.org/view/doi:10.18739/A2HM52K68,too long to load,,,,,
doi:10.18739/A2HH6C58X,https://search.dataone.org/view/doi:10.18739/A2HH6C58X,standalone,,,,,
doi:10.18739/A2HD7NS8N,https://search.dataone.org/view/doi:10.18739/A2HD7NS8N,standalone,,,,,
doi:10.18739/A2HD7NT1Q,https://search.dataone.org/view/doi:10.18739/A2HD7NT1Q,child,resource_map_urn:uuid:f3bd6f2b-4440-4ac0-8559-9f4ff46db0c5,resource_map_doi:10.18739/A2WM13V1R,doi:10.18739/A2WM13V1R,,
doi:10.18739/A2HP2G,https://search.dataone.org/view/doi:10.18739/A2HP2G,child,resource_map_doi:10.18739/A2HP2G,Êresource_map_urn:uuid:baa7f48f-93d9-47d6-88ed-36e84d030e63,urn:uuid:baa7f48f-93d9-47d6-88ed-36e84d030e63,,
doi:10.18739/A2HX15Q8V,https://search.dataone.org/view/doi:10.18739/A2HX15Q8V,child,resource_map_doi:10.18739/A2HX15Q8V,resource_map_urn:uuid:3c0a7cc1-cb9c-46d5-8bae-1aeaef358454,urn:uuid:3c0a7cc1-cb9c-46d5-8bae-1aeaef358454,,
doi:10.18739/A2HX15R5V,https://search.dataone.org/view/doi:10.18739/A2HX15R5V,too long to load,,,,,
doi:10.18739/A2HT2GB7H,https://search.dataone.org/view/doi:10.18739/A2HT2GB7H,MUlTINESTING,,,,,
doi:10.18739/A2HT2GB23,https://search.dataone.org/view/doi:10.18739/A2HT2GB23,child,resource_map_doi:10.18739/A2HT2GB23,resource_map_urn:uuid:7613dfb6-8900-4617-9972-1f920047d0b9,urn:uuid:c79ce1df-6ef0-48fc-8fef-42246c01534a,,
doi:10.18739/A2HT2GC2J,https://search.dataone.org/view/doi:10.18739/A2HT2GC2J,too long to load,,,,,
doi:10.18739/A2J09W47G,https://search.dataone.org/view/doi:10.18739/A2J09W47G,standalone,,,,,
doi:10.18739/A2J96095Z,https://search.dataone.org/view/doi:10.18739/A2J96095Z,standalone,,,,,
doi:10.18739/A2JM23G70,https://search.dataone.org/view/doi:10.18739/A2JM23G70,too long to load,,,,,
doi:10.18739/A2JM23G13,https://search.dataone.org/view/doi:10.18739/A2JM23G13,MUlTINESTING,,,,,
doi:10.18739/A2JM23H02,https://search.dataone.org/view/doi:10.18739/A2JM23H02,standalone,,,,,
doi:10.18739/A2JD4PQ0G,https://search.dataone.org/view/doi:10.18739/A2JD4PQ0G,child,resource_map_urn:uuid:4f82cb9b-bc53-4124-8c4b-5efbad3d3832,resource_map_doi:10.18739/A2WM13V1R,doi:10.18739/A2WM13V1R,,
doi:10.18739/A2JW86N61,https://search.dataone.org/view/doi:10.18739/A2JW86N61,MUlTINESTING,,,,,
doi:10.18739/A2JS9H776,https://search.dataone.org/view/doi:10.18739/A2JS9H776,MUlTINESTING,,,,,
doi:10.18739/A2JS9H85P,https://search.dataone.org/view/doi:10.18739/A2JS9H85P,child,resource_map_doi:10.18739/A2JS9H85P,resource_map_doi:10.18739/A2D21RK2N,doi:10.18739/A2D21RK2N,,
doi:10.18739/A2K06X08R,https://search.dataone.org/view/doi:10.18739/A2K06X08R,standalone,,,,,
doi:10.18739/A2K931656,https://search.dataone.org/view/doi:10.18739/A2K931656,MUlTINESTING,,,,,
doi:10.18739/A2K35MF33,https://search.dataone.org/view/doi:10.18739/A2K35MF33,standalone,,,,,
doi:10.18739/A2K649T3Z,https://search.dataone.org/view/doi:10.18739/A2K649T3Z,child,resource_map_urn:uuid:8b583b22-5af1-40d7-a132-5dad0c5fb344,resource_map_doi:10.18739/A2RV0D17D,doi:10.18739/A2RV0D17D,,
doi:10.18739/A2N00ZT7S,https://search.dataone.org/view/doi:10.18739/A2N00ZT7S,standalone,,,,,
doi:10.18739/A2N29P63K,https://search.dataone.org/view/doi:10.18739/A2N29P63K,standalone,,,,,
doi:10.18739/A2NC5SD0N,https://search.dataone.org/view/doi:10.18739/A2NC5SD0N,MUlTINESTING,,,,,
doi:10.18739/A2NC64,https://search.dataone.org/view/doi:10.18739/A2NC64,MUlTINESTING,,,,,
doi:10.18739/A2NK36556,https://search.dataone.org/view/doi:10.18739/A2NK36556,too long to load,,,,,
doi:10.18739/A2NK36518,https://search.dataone.org/view/doi:10.18739/A2NK36518,MUlTINESTING,,,,,
doi:10.18739/A2NP1WJ9M,https://search.dataone.org/view/doi:10.18739/A2NP1WJ9M,too long to load,,,,,
doi:10.18739/A2NP1WJ27,https://search.dataone.org/view/doi:10.18739/A2NP1WJ27,child,resource_map_doi:10.18739/A2Z31NP9F,resource_map_urn:uuid:130e9f56-7142-42cd-9a7c-4fc56366a9b7,urn:uuid:130e9f56-7142-42cd-9a7c-4fc56366a9b7,,
doi:10.18739/A2NS0KX61,https://search.dataone.org/view/doi:10.18739/A2NS0KX61,too long to load,,,,,
doi:10.18739/A2NS0KX7H,https://search.dataone.org/view/doi:10.18739/A2NS0KX7H,child,resource_map_doi:10.18739/A2NS0KX7H,resource_map_urn:uuid:e30a21da-fe7f-4baf-ade5-bfcf9eb07084,urn:uuid:e30a21da-fe7f-4baf-ade5-bfcf9eb07084,,
doi:10.18739/A2NS0KX9G,https://search.dataone.org/view/doi:10.18739/A2NS0KX9G,standalone,,,,,
doi:10.18739/A2NS2R,https://search.dataone.org/view/doi:10.18739/A2NS2R,child,resource_map_doi:10.18739/A2NS2R,resource_map_urn:uuid:baa7f48f-93d9-47d6-88ed-36e84d030e63,urn:uuid:baa7f48f-93d9-47d6-88ed-36e84d030e63,,
doi:10.18739/A2NZ80Q43,https://search.dataone.org/view/doi:10.18739/A2NZ80Q43,standalone,,,,,
doi:10.18739/A2NV99B1S,https://search.dataone.org/view/doi:10.18739/A2NV99B1S,standalone,,,,,
doi:10.18739/A2M03XX3M,https://search.dataone.org/view/doi:10.18739/A2M03XX3M,standalone,,,,,
doi:10.18739/A2M90236X,https://search.dataone.org/view/doi:10.18739/A2M90236X,standalone,,,,,
doi:10.18739/A2MG7FW27,https://search.dataone.org/view/doi:10.18739/A2MG7FW27,standalone,,,,,
doi:10.18739/A2MC8RH0D,https://search.dataone.org/view/doi:10.18739/A2MC8RH0D,MUlTINESTING,,,,,
doi:10.18739/A2MK6585Z,https://search.dataone.org/view/doi:10.18739/A2MK6585Z,child,resource_map_urn:uuid:21d0156a-fa1c-462c-8992-dcb2355c0699,resource_map_doi:10.18739/A2SF2MC5B,doi:10.18739/A2SF2MC5B,,
doi:10.18739/A2MK6586F,https://search.dataone.org/view/doi:10.18739/A2MK6586F,too long to load,,,,,
doi:10.18739/A2MK2C,https://search.dataone.org/view/doi:10.18739/A2MK2C,child,resource_map_doi:10.18739/A2MK2C,resource_map_urn:uuid:0e4a16c5-7ebb-47f1-abf2-259c2c08f084,doi:10.18739/A2VC60,,
doi:10.18739/A2MP4VN9C,https://search.dataone.org/view/doi:10.18739/A2MP4VN9C,too long to load,,,,,
doi:10.18739/A2MP4VP1Z,https://search.dataone.org/view/doi:10.18739/A2MP4VP1Z,standalone,,,,,
doi:10.18739/A2MS3K17P,https://search.dataone.org/view/doi:10.18739/A2MS3K17P,MUlTINESTING,,,,,
doi:10.18739/A2MS3K24P,https://search.dataone.org/view/doi:10.18739/A2MS3K24P,standalone,,,,,
doi:10.18739/A2SG51,https://search.dataone.org/view/doi:10.18739/A2SG51,child,resource_map_doi:10.18739/A2SG51,resource_map_urn:uuid:baa7f48f-93d9-47d6-88ed-36e84d030e63,urn:uuid:baa7f48f-93d9-47d6-88ed-36e84d030e63,,
doi:10.18739/A2SJ19R94,https://search.dataone.org/view/doi:10.18739/A2SJ19R94,standalone,,,,,
doi:10.18739/A2SJ19R0S,https://search.dataone.org/view/doi:10.18739/A2SJ19R0S,,,,,,
doi:10.18739/A2SJ19R18,https://search.dataone.org/view/doi:10.18739/A2SJ19R18,standalone,,,,,
doi:10.18739/A2SF2MC4V,https://search.dataone.org/view/doi:10.18739/A2SF2MC4V,too long to load,,,,,
doi:10.18739/A2SF2MC1D,https://search.dataone.org/view/doi:10.18739/A2SF2MC1D,standalone,,,,,
doi:10.18739/A2SX6499X,https://search.dataone.org/view/doi:10.18739/A2SX6499X,standalone,,,,,
doi:10.18739/A2ST7DX28,https://search.dataone.org/view/doi:10.18739/A2ST7DX28,standalone,,,,,
doi:10.18739/A2P843W6F,https://search.dataone.org/view/doi:10.18739/A2P843W6F,standalone,,,,,
doi:10.18739/A2P843W9W,https://search.dataone.org/view/doi:10.18739/A2P843W9W,standalone,,,,,
doi:10.18739/A2P26Q39Q,https://search.dataone.org/view/doi:10.18739/A2P26Q39Q,standalone,,,,,
doi:10.18739/A2PN8XG1W,https://search.dataone.org/view/doi:10.18739/A2PN8XG1W,too long to load,,,,,
doi:10.18739/A2PC2T85V,https://search.dataone.org/view/doi:10.18739/A2PC2T85V,MUlTINESTING,,,,,
doi:10.18739/A2PC2T81X,https://search.dataone.org/view/doi:10.18739/A2PC2T81X,MUlTINESTING,,,,,
doi:10.18739/A2PC2T94T,https://search.dataone.org/view/doi:10.18739/A2PC2T94T,standalone,,,,,
doi:10.18739/A2PC2T92V,https://search.dataone.org/view/doi:10.18739/A2PC2T92V,too long to load,,,,,
doi:10.18739/A2PZ51M88,https://search.dataone.org/view/doi:10.18739/A2PZ51M88,child,resource_map_urn:uuid:7e3ad922-9a2d-4780-aabf-284e47f2af99,resource_map_doi:10.18739/A2RV0D17D,doi:10.18739/A2RV0D17D,,
doi:10.18739/A2R785Q1D,https://search.dataone.org/view/doi:10.18739/A2R785Q1D,WEIRD,,,,,
doi:10.18739/A2R20RW9S,https://search.dataone.org/view/doi:10.18739/A2R20RW9S,standalone,,,,,
doi:10.18739/A2R49G89H,https://search.dataone.org/view/doi:10.18739/A2R49G89H,MUlTINESTING,,,,,
doi:10.18739/A2R49G94J,https://search.dataone.org/view/doi:10.18739/A2R49G94J,MUlTINESTING,,,,,
doi:10.18739/A2RG4B,https://search.dataone.org/view/doi:10.18739/A2RG4B,child,resource_map_doi:10.18739/A2RG4B,resource_map_urn:uuid:baa7f48f-93d9-47d6-88ed-36e84d030e63,urn:uuid:baa7f48f-93d9-47d6-88ed-36e84d030e63,,
doi:10.18739/A2RB6W29Q,https://search.dataone.org/view/doi:10.18739/A2RB6W29Q,too long to load,,,,,
doi:10.18739/A2RF5KG34,https://search.dataone.org/view/doi:10.18739/A2RF5KG34,too long to load,,,,,
doi:10.18739/A2RX93D9P,https://search.dataone.org/view/doi:10.18739/A2RX93D9P,standalone,,,,,
doi:10.18739/A2Q814S0S,https://search.dataone.org/view/doi:10.18739/A2Q814S0S,standalone,,,,,
doi:10.18739/A2Q23R08G,https://search.dataone.org/view/doi:10.18739/A2Q23R08G,MUlTINESTING,,,,,
doi:10.18739/A2Q52FD4V,https://search.dataone.org/view/doi:10.18739/A2Q52FD4V,too long to load,,,,,
doi:10.18739/A2QN5ZC14,https://search.dataone.org/view/doi:10.18739/A2QN5ZC14,too long to load,,,,,
doi:10.18739/A2QB9V612,https://search.dataone.org/view/doi:10.18739/A2QB9V612,too long to load,,,,,
doi:10.18739/A2QB9V62J,https://search.dataone.org/view/doi:10.18739/A2QB9V62J,MUlTINESTING,,,,,
doi:10.18739/A2QJ77Z1S,https://search.dataone.org/view/doi:10.18739/A2QJ77Z1S,MUlTINESTING,,,,,
doi:10.18739/A2QF8JK3W,https://search.dataone.org/view/doi:10.18739/A2QF8JK3W,too long to load,,,,,
doi:10.18739/A2QR9P,https://search.dataone.org/view/doi:10.18739/A2QR9P,too long to load,,,,,
doi:10.18739/A2S756K73,https://search.dataone.org/view/doi:10.18739/A2S756K73,too long to load,,,,,
doi:10.18739/A2S17SS1M,https://search.dataone.org/view/doi:10.18739/A2S17SS1M,child,resource_map_doi:10.18739/A2S17SS1M,resource_map_urn:uuid:d151fbff-05b8-456e-86b2-ccd175ab8a2f,urn:uuid:d151fbff-05b8-456e-86b2-ccd175ab8a2f,,
doi:10.18739/A2S46H658,https://search.dataone.org/view/doi:10.18739/A2S46H658,MUlTINESTING,,,,,
doi:10.18739/A2WH2DF1F,https://search.dataone.org/view/doi:10.18739/A2WH2DF1F,standalone,,,,,
doi:10.18739/A2WP9T74J,https://search.dataone.org/view/doi:10.18739/A2WP9T74J,standalone,,,,,
doi:10.18739/A2WP9T732,https://search.dataone.org/view/doi:10.18739/A2WP9T732,too long to load,,,,,
doi:10.18739/A2WW77093,https://search.dataone.org/view/doi:10.18739/A2WW77093,too long to load,,,,,
doi:10.18739/A2T727G6V,https://search.dataone.org/view/doi:10.18739/A2T727G6V,child,resource_map_urn:uuid:955f41d7-17a5-4daa-a034-3b9bd6a5799a,resource_map_doi:10.18739/A2GH9B95P,doi:10.18739/A2GH9B95P,,
doi:10.18739/A2T43J290,https://search.dataone.org/view/doi:10.18739/A2T43J290,MUlTINESTING,,,,,
doi:10.18739/A2T43J360,https://search.dataone.org/view/doi:10.18739/A2T43J360,too long to load,,,,,
doi:10.18739/A2TM72225,https://search.dataone.org/view/doi:10.18739/A2TM72225,standalone,,,,,
doi:10.18739/A2TM2K,https://search.dataone.org/view/doi:10.18739/A2TM2K,child,resource_map_doi:10.18739/A2TM2K,resource_map_urn:uuid:d70c735a-1e30-4c52-a870-e3c1447d5369,urn:uuid:d70c735a-1e30-4c52-a870-e3c1447d5369,,
doi:10.18739/A2TH8BN8B,https://search.dataone.org/view/doi:10.18739/A2TH8BN8B,child,resource_map_doi:10.18739/A2TH8BN8B,resource_map_doi:10.18739/A2PR7MV46,doi:10.18739/A2PR7MV46,,
doi:10.18739/A2TB0XV89,https://search.dataone.org/view/doi:10.18739/A2TB0XV89,standalone,,,,,
doi:10.18739/A2TD9N851,https://search.dataone.org/view/doi:10.18739/A2TD9N851,too long to load,,,,,
doi:10.18739/A2TD9N813,https://search.dataone.org/view/doi:10.18739/A2TD9N813,standalone,,,,,
doi:10.18739/A2TQ5RF2N,https://search.dataone.org/view/doi:10.18739/A2TQ5RF2N,child,resource_map_urn:uuid:1f57c705-dad7-4eb9-b547-e3898449d9a1,resource_map_doi:10.18739/A2RV0D17D,doi:10.18739/A2RV0D17D,,
doi:10.18739/A2TX3568P,https://search.dataone.org/view/doi:10.18739/A2TX3568P,too long to load,,,,,
doi:10.18739/A2TT4FT4G,https://search.dataone.org/view/doi:10.18739/A2TT4FT4G,MUlTINESTING,,,,,
doi:10.18739/A2V40JZ6C,https://search.dataone.org/view/doi:10.18739/A2V40JZ6C,standalone,,,,,
doi:10.18739/A2V40K048,https://search.dataone.org/view/doi:10.18739/A2V40K048,too long to load,,,,,
doi:10.18739/A2V698C6J,https://search.dataone.org/view/doi:10.18739/A2V698C6J,MUlTINESTING,,,,,
doi:10.18739/A2V698C90,https://search.dataone.org/view/doi:10.18739/A2V698C90,standalone,,,,,
doi:10.18739/A2VD6P488,https://search.dataone.org/view/doi:10.18739/A2VD6P488,standalone,,,,,
doi:10.18739/A2VD6P54S,https://search.dataone.org/view/doi:10.18739/A2VD6P54S,standalone,,,,,
doi:10.18739/A2VD6P558,https://search.dataone.org/view/doi:10.18739/A2VD6P558,MUlTINESTING,,,,,
doi:10.18739/A2VQ2S99T,https://search.dataone.org/view/doi:10.18739/A2VQ2S99T,standalone,,,,,
doi:10.18739/A2VX0639D,https://search.dataone.org/view/doi:10.18739/A2VX0639D,MUlTINESTING,,,,,
doi:10.18739/A2VX0633H,https://search.dataone.org/view/doi:10.18739/A2VX0633H,MUlTINESTING,,,,,
doi:10.18739/A2W08WG7P,https://search.dataone.org/view/doi:10.18739/A2W08WG7P,standalone,,,,,
doi:10.18739/A2W08WH17,https://search.dataone.org/view/doi:10.18739/A2W08WH17,too long to load,,,,,
doi:10.18739/A2W28Z,https://search.dataone.org/view/doi:10.18739/A2W28Z,child,resource_map_doi:10.18739/A2W28Z,resource_map_urn:uuid:0e4a16c5-7ebb-47f1-abf2-259c2c08f084,doi:10.18739/A2VC60,,
doi:10.18739/A2W37KW4J,https://search.dataone.org/view/doi:10.18739/A2W37KW4J,standalone,,,,,
doi:10.18739/A2W37KW2K,https://search.dataone.org/view/doi:10.18739/A2W37KW2K,standalone,,,,,
doi:10.18739/A2W66988R,https://search.dataone.org/view/doi:10.18739/A2W66988R,MUlTINESTING,,,,,
doi:10.18739/A2X05XD00,https://search.dataone.org/view/doi:10.18739/A2X05XD00,standalone,,,,,
doi:10.18739/A2X589,https://search.dataone.org/view/doi:10.18739/A2X589,child,resource_map_doi:10.18739/A2X589,resource_map_urn:uuid:0e4a16c5-7ebb-47f1-abf2-259c2c08f084,doi:10.18739/A2VC60,,
doi:10.18739/A2X63B59G,https://search.dataone.org/view/doi:10.18739/A2X63B59G,child,,,,,
doi:10.18739/A2XG9FB90,https://search.dataone.org/view/doi:10.18739/A2XG9FB90,standalone,,,,,
doi:10.18739/A2XK84Q8C,https://search.dataone.org/view/doi:10.18739/A2XK84Q8C,standalone,,,,,
doi:10.18739/A2XW47W31,https://search.dataone.org/view/doi:10.18739/A2XW47W31,child,Êresource_map_urn:uuid:7c066d49-cfbf-4a21-ab97-6ac9bbf74310,resource_map_doi:10.18739/A2PR7MV46,doi:10.18739/A2PR7MV46,,
doi:10.18739/A2XW47X01,https://search.dataone.org/view/doi:10.18739/A2XW47X01,too long to load,,,,,
doi:10.18739/A2XS5JH8K,https://search.dataone.org/view/doi:10.18739/A2XS5JH8K,standalone,,,,,
doi:10.18739/A2XS5JH16,https://search.dataone.org/view/doi:10.18739/A2XS5JH16,child,resource_map_doi:10.18739/A2XS5JH16,resource_map_urn:uuid:35aebf21-7b33-40af-bfd4-7756886791f4,urn:uuid:c7a4ff98-8a85-43a4-83fe-80762097c441,,
doi:10.18739/A2Z02Z80S,https://search.dataone.org/view/doi:10.18739/A2Z02Z80S,standalone,,,,,
doi:10.18739/A2ZG6G72V,https://search.dataone.org/view/doi:10.18739/A2ZG6G72V,MUlTINESTING,,,,,
doi:10.18739/A2ZC7RV13,https://search.dataone.org/view/doi:10.18739/A2ZC7RV13,standalone,,,,,
doi:10.18739/A2ZK55M4P,https://search.dataone.org/view/doi:10.18739/A2ZK55M4P,child,resource_map_urn:uuid:66dee5ae-57fc-4043-98ca-27a1a78379a7,resource_map_doi:10.18739/A2PR7MV46,doi:10.18739/A2PR7MV46,,
doi:10.18739/A2ZK55M74,https://search.dataone.org/view/doi:10.18739/A2ZK55M74,MUlTINESTING,,,,,
doi:10.18739/A2ZP3W13J,https://search.dataone.org/view/doi:10.18739/A2ZP3W13J,too long to load,,,,,
doi:10.18739/A2ZW18S76,https://search.dataone.org/view/doi:10.18739/A2ZW18S76,too long to load,,,,,
doi:10.18739/A2ZS2KC8C,https://search.dataone.org/view/doi:10.18739/A2ZS2KC8C,standalone,,,,,
doi:10.18739/A2ZS2KD0Z,https://search.dataone.org/view/doi:10.18739/A2ZS2KD0Z,child,resource_map_doi:10.18739/A2ZS2KD0Z,resource_map_doi:10.18739/A2W950P44,doi:10.18739/A2W950P44,,
doi:10.18739/A2DF6K36X,https://search.dataone.org/view/doi:10.18739/A2DF6K36X,standalone,,,,,
doi:10.18739/A2251FK3B,https://search.dataone.org/view/doi:10.18739/A2251FK3B,standalone,,,,,
doi:10.18739/A28K74X6T,https://search.dataone.org/view/doi:10.18739/A28K74X6T,WEIRD,,,,,
doi:10.18739/A2CJ87K8H,https://search.dataone.org/view/doi:10.18739/A2CJ87K8H,WEIRD,,,,,
doi:10.18739/A2BK16Q5T,https://search.dataone.org/view/doi:10.18739/A2BK16Q5T,standalone,,,,,
doi:10.18739/A2GB1XH9K,https://search.dataone.org/view/doi:10.18739/A2GB1XH9K,standalone,,,,,
doi:10.18739/A2M32NB3B,https://search.dataone.org/view/doi:10.18739/A2M32NB3B,standalone,,,,,
doi:10.18739/A2P843X00,https://search.dataone.org/view/doi:10.18739/A2P843X00,standalone,,,,,
doi:10.18739/A2QV3C48N,https://search.dataone.org/view/doi:10.18739/A2QV3C48N,standalone,,,,,
urn:uuid:03605990-ab2e-4f45-ad74-9a9a8aadcf58,https://search.dataone.org/view/urn:uuid:03605990-ab2e-4f45-ad74-9a9a8aadcf58,WEIRD,,,,,
urn:uuid:18e0ba78-9c6b-4e1a-b102-4cb041f71248,https://search.dataone.org/view/urn:uuid:18e0ba78-9c6b-4e1a-b102-4cb041f71248,WEIRD,,,,,
urn:uuid:399d4023-325a-4308-93aa-f232f8cb1d54,https://search.dataone.org/view/urn:uuid:399d4023-325a-4308-93aa-f232f8cb1d54,WEIRD,,,,,
urn:uuid:7c42aa47-679d-4224-8feb-4fbaa8016369,https://search.dataone.org/view/urn:uuid:7c42aa47-679d-4224-8feb-4fbaa8016369,WEIRD,,,,,
urn:uuid:4a48d82c-5484-442f-85a7-8893a3231ae2,https://search.dataone.org/view/urn:uuid:4a48d82c-5484-442f-85a7-8893a3231ae2,standalone,,,,,
urn:uuid:4fb15af1-5077-400e-a0e7-e52366d8b6f7,https://search.dataone.org/view/urn:uuid:4fb15af1-5077-400e-a0e7-e52366d8b6f7,WEIRD,,,,,
urn:uuid:57894fad-9a1b-43b1-9255-d413b2b3f0b5,https://search.dataone.org/view/urn:uuid:57894fad-9a1b-43b1-9255-d413b2b3f0b5,WEIRD,,,,,
urn:uuid:5eaf5f6a-6d70-4b6c-8efc-c7b689485d0d,https://search.dataone.org/view/urn:uuid:5eaf5f6a-6d70-4b6c-8efc-c7b689485d0d,WEIRD,,,,,
urn:uuid:9a4061c3-975e-4a03-bb2c-c5b6ab5b949b,https://search.dataone.org/view/urn:uuid:9a4061c3-975e-4a03-bb2c-c5b6ab5b949b,WEIRD,,,,,
urn:uuid:b7d3ec59-a575-449b-a134-e997590ffd62,https://search.dataone.org/view/urn:uuid:b7d3ec59-a575-449b-a134-e997590ffd62,WEIRD,,,,,
urn:uuid:e91aa052-45e0-43a3-a199-4bbafbd992e5,https://search.dataone.org/view/urn:uuid:e91aa052-45e0-43a3-a199-4bbafbd992e5,WEIRD,,,,,
doi:10.18739/A23B5W84Q,https://search.dataone.org/view/doi:10.18739/A23B5W84Q,standalone,,,,,
doi:10.18739/A23F4KM7K,https://search.dataone.org/view/doi:10.18739/A23F4KM7K,WEIRD,,,,,
doi:10.18739/A23X83M6N,https://search.dataone.org/view/doi:10.18739/A23X83M6N,standalone,,,,,
doi:10.18739/A23R0PT4N,https://search.dataone.org/view/doi:10.18739/A23R0PT4N,child,resource_map_doi:10.18739/A23R0PT4N,resource_map_urn:uuid:2784d0e1-5d92-4275-8ed9-3a0e3cff8ce2,urn:uuid:2784d0e1-5d92-4275-8ed9-3a0e3cff8ce2,,
doi:10.18739/A23T9D67T,https://search.dataone.org/view/doi:10.18739/A23T9D67T,child,resource_map_urn:uuid:86a18425-c2cd-4f70-8382-f2e99e6ec6e6,resource_map_doi:10.18739/A2JW86N80,doi:10.18739/A2JW86N80,,
doi:10.18739/A23T9D62D,https://search.dataone.org/view/doi:10.18739/A23T9D62D,child,resource_map_doi:10.18739/A23T9D62D,,urn:uuid:f15a5940-e5b7-45d8-8019-b85186eec4a1,,
doi:10.18739/A2028PD5Z,https://search.dataone.org/view/doi:10.18739/A2028PD5Z,child,resource_map_urn:uuid:9e3f2e8e-0941-4aa1-a4d6-2f6f5ba83b62,resource_map_doi:10.18739/A2JW86N80,doi:10.18739/A2JW86N80,,
doi:10.18739/A2057CT2T,https://search.dataone.org/view/doi:10.18739/A2057CT2T,standalone,,,,,
doi:10.18739/A20R9M41W,https://search.dataone.org/view/doi:10.18739/A20R9M41W,standalone,,,,,
doi:10.18739/A22N4ZH5K,https://search.dataone.org/view/doi:10.18739/A22N4ZH5K,child,resource_map_doi:10.18739/A22N4ZH5K,resource_map_urn:uuid:d2775281-3231-47d0-ab79-b2e506ea8d04,urn:uuid:d2775281-3231-47d0-ab79-b2e506ea8d04,,
doi:10.18739/A22Z12Q6Z,https://search.dataone.org/view/doi:10.18739/A22Z12Q6Z,standalone,,,,,
doi:10.18739/A2154DQ1K,https://search.dataone.org/view/doi:10.18739/A2154DQ1K,standalone,,,,,
doi:10.18739/A21G0HW05,https://search.dataone.org/view/doi:10.18739/A21G0HW05,child,resource_map_doi:10.18739/A21G0HW05,resource_map_doi:10.18739/A24746S42,doi:10.18739/A24746S42,,
doi:10.18739/A21J9781C,https://search.dataone.org/view/doi:10.18739/A21J9781C,child,resource_map_urn:uuid:84dc7451-1098-4ac3-bdec-762a2dc93802,resource_map_doi:10.18739/A2CR5ND3R,doi:10.18739/A2CR5ND3R,,
doi:10.18739/A21V5BD6D,https://search.dataone.org/view/doi:10.18739/A21V5BD6D,child,resource_map_doi:10.18739/A21V5BD6D,resource_map_urn:uuid:49e46a3b-9525-4aa0-81a9-9746bbb46b6c,urn:uuid:9629aaed-874a-45e2-b07e-30356795b1c4,,
doi:10.18739/A27H1DN0C,https://search.dataone.org/view/doi:10.18739/A27H1DN0C,child,resource_map_urn:uuid:eac72872-207d-4f3c-9842-713cc1748d40,Êresource_map_doi:10.18739/A2JW86N80,doi:10.18739/A2JW86N80,,
doi:10.18739/A27D2Q740,https://search.dataone.org/view/doi:10.18739/A27D2Q740,child,resource_map_doi:10.18739/A27D2Q740,resource_map_urn:uuid:2784d0e1-5d92-4275-8ed9-3a0e3cff8ce2,urn:uuid:2784d0e1-5d92-4275-8ed9-3a0e3cff8ce2.,,
doi:10.18739/A27P8TD4H,https://search.dataone.org/view/doi:10.18739/A27P8TD4H,standalone,,,,,
doi:10.18739/A27P8TF01,https://search.dataone.org/view/doi:10.18739/A27P8TF01,standalone,,,,,
doi:10.18739/A2639K56N,https://search.dataone.org/view/doi:10.18739/A2639K56N,child,resource_map_urn:uuid:ba62d0f2-b584-4f74-8262-7c515f3621f9,resource_map_doi:10.18739/A22R3NX7V,doi:10.18739/A22R3NX7V,,
doi:10.18739/A26M3342C,https://search.dataone.org/view/doi:10.18739/A26M3342C,child,resource_map_urn:uuid:b14f1e6e-73b7-4ea0-9e95-10344cfe5494,resource_map_doi:10.18739/A2JW86N80,doi:10.18739/A2JW86N80,,
doi:10.18739/A26H4CQ8J,https://search.dataone.org/view/doi:10.18739/A26H4CQ8J,child,resource_map_doi:10.18739/A26H4CQ8J,,urn:uuid:f15a5940-e5b7-45d8-8019-b85186eec4a1,,
doi:10.18739/A26P32,https://search.dataone.org/view/doi:10.18739/A26P32,child,resource_map_doi:10.18739/A26P32,resource_map_urn:uuid:22c70e66-1f57-48d4-b3f1-66ecc2de9dd9,urn:uuid:22c70e66-1f57-48d4-b3f1-66ecc2de9dd9,,
doi:10.18739/A26Q1SJ0B,https://search.dataone.org/view/doi:10.18739/A26Q1SJ0B,standalone,,,,,
doi:10.18739/A25717P49,https://search.dataone.org/view/doi:10.18739/A25717P49,child,resource_map_doi:10.18739/A25717P49,resource_map_doi:10.18739/A24746S42,doi:10.18739/A24746S42,,
doi:10.18739/A2599Z216,https://search.dataone.org/view/doi:10.18739/A2599Z216,standalone,,,,,
doi:10.18739/A2542J86Z,https://search.dataone.org/view/doi:10.18739/A2542J86Z,standalone,,,,,
doi:10.18739/A25M62705,https://search.dataone.org/view/doi:10.18739/A25M62705,child,resource_map_doi:10.18739/A25M62705,resource_map_urn:uuid:49e46a3b-9525-4aa0-81a9-9746bbb46b6c,urn:uuid:9629aaed-874a-45e2-b07e-30356795b1c4,,
doi:10.18739/A25M62692,https://search.dataone.org/view/doi:10.18739/A25M62692,child,resource_map_doi:10.18739/A25M62692,resource_map_urn:uuid:22c70e66-1f57-48d4-b3f1-66ecc2de9dd9,urn:uuid:22c70e66-1f57-48d4-b3f1-66ecc2de9dd9,,
doi:10.18739/A2707WP54,https://search.dataone.org/view/doi:10.18739/A2707WP54,standalone,,,,,
doi:10.18739/A28W3830D,https://search.dataone.org/view/doi:10.18739/A28W3830D,standalone,,,,,
doi:10.18739/A28W3833V,https://search.dataone.org/view/doi:10.18739/A28W3833V,standalone,,,,,
doi:10.18739/A2901ZG82,https://search.dataone.org/view/doi:10.18739/A2901ZG82,child,resource_map_doi:10.18739/A2901ZG82,resource_map_doi:10.18739/A24746S42,doi:10.18739/A24746S42,,
doi:10.18739/A2930NW0H,https://search.dataone.org/view/doi:10.18739/A2930NW0H,standalone,,,,,
doi:10.18739/A2930NV02,https://search.dataone.org/view/doi:10.18739/A2930NV02,child,resource_map_doi:10.18739/A2930NV02,resource_map_urn:uuid:b1e3fbd5-b901-4ef3-b972-54f2235b09c6,urn:uuid:b1e3fbd5-b901-4ef3-b972-54f2235b09c6,,
doi:10.18739/A29C6S14X,https://search.dataone.org/view/doi:10.18739/A29C6S14X,child,resource_map_doi:10.18739/A29C6S14X,resource_map_urn:uuid:49e46a3b-9525-4aa0-81a9-9746bbb46b6c,urn:uuid:9629aaed-874a-45e2-b07e-30356795b1c4,,
doi:10.18739/A2CC0TT7F,https://search.dataone.org/view/doi:10.18739/A2CC0TT7F,standalone,,,,,
doi:10.18739/A2CF9J73P,https://search.dataone.org/view/doi:10.18739/A2CF9J73P,standalone,,,,,
doi:10.18739/A2CR5ND28,https://search.dataone.org/view/doi:10.18739/A2CR5ND28,child,resource_map_doi:10.18739/A2CR5ND28,resource_map_doi:10.18739/A24746S42,doi:10.18739/A24746S42,,
doi:10.18739/A2B853J3S,https://search.dataone.org/view/doi:10.18739/A2B853J3S,child,resource_map_urn:uuid:c6020bdb-69f9-4c5a-bb07-20c5ab4abc50,resource_map_doi:10.18739/A2JW86N80,doi:10.18739/A2JW86N80,,
doi:10.18739/A2BG2HB4G,https://search.dataone.org/view/doi:10.18739/A2BG2HB4G,standalone,,,,,
doi:10.18739/A2BK16Q4B,https://search.dataone.org/view/doi:10.18739/A2BK16Q4B,standalone,,,,,
doi:10.18739/A2BR8MG9Z,https://search.dataone.org/view/doi:10.18739/A2BR8MG9Z,standalone,,,,,
doi:10.18739/A2C824F31,https://search.dataone.org/view/doi:10.18739/A2C824F31,child,resource_map_urn:uuid:cdc69e80-4052-4dcf-ac28-043f70fab93b,resource_map_doi:10.18739/A2JW86N80,doi:10.18739/A2JW86N80,,
doi:10.18739/A2GH9B946,https://search.dataone.org/view/doi:10.18739/A2GH9B946,standalone,,,,,
doi:10.18739/A2D79598P,https://search.dataone.org/view/doi:10.18739/A2D79598P,standalone,,,,,
doi:10.18739/A2D795B84,https://search.dataone.org/view/doi:10.18739/A2D795B84,child,resource_map_doi:10.18739/A2D795B84,resource_map_doi:10.18739/A2V97ZS4H,doi:10.18739/A2V97ZS4H,,
doi:10.18739/A2D21RH94,https://search.dataone.org/view/doi:10.18739/A2D21RH94,child,,resource_map_urn:uuid:7613dfb6-8900-4617-9972-1f920047d0b9,urn:uuid:c79ce1df-6ef0-48fc-8fef-42246c01534a,,
doi:10.18739/A2DN3ZW57,https://search.dataone.org/view/doi:10.18739/A2DN3ZW57,standalone,,,,,
doi:10.18739/A2DN3ZW76,https://search.dataone.org/view/doi:10.18739/A2DN3ZW76,standalone,,,,,
doi:10.18739/A2DN3ZW95,https://search.dataone.org/view/doi:10.18739/A2DN3ZW95,child,resource_map_doi:10.18739/A2DN3ZW95,resource_map_doi:10.18739/A24746S42,doi:10.18739/A24746S42,,
doi:10.18739/A2F76670H,https://search.dataone.org/view/doi:10.18739/A2F76670H,standalone,,,,,
doi:10.18739/A2F47GT8N,https://search.dataone.org/view/doi:10.18739/A2F47GT8N,child,resource_map_doi:10.18739/A2F47GT8N,resource_map_urn:uuid:49e46a3b-9525-4aa0-81a9-9746bbb46b6c,urn:uuid:9629aaed-874a-45e2-b07e-30356795b1c4,,
doi:10.18739/A2FB4WM3F,https://search.dataone.org/view/doi:10.18739/A2FB4WM3F,standalone,,,,,
doi:10.18739/A2FJ29C5J,https://search.dataone.org/view/doi:10.18739/A2FJ29C5J,standalone,,,,,
doi:10.18739/A2FJ29D4H,https://search.dataone.org/view/doi:10.18739/A2FJ29D4H,standalone,,,,,
doi:10.18739/A2G737474,https://search.dataone.org/view/doi:10.18739/A2G737474,standalone,,,,,
doi:10.18739/A2KW57K0T,https://search.dataone.org/view/doi:10.18739/A2KW57K0T,standalone,,,,,
doi:10.18739/A2KS6J50H,https://search.dataone.org/view/doi:10.18739/A2KS6J50H,child,Êresource_map_urn:uuid:ffe06a8e-e9ad-4197-a2ea-b5bb8efa62b7,resource_map_doi:10.18739/A2JW86N80,doi:10.18739/A2JW86N80,,
doi:10.18739/A2H41JM84,https://search.dataone.org/view/doi:10.18739/A2H41JM84,standalone,,,,,
doi:10.18739/A2H41JN54,https://search.dataone.org/view/doi:10.18739/A2H41JN54,standalone,,,,,
doi:10.18739/A2HD7NT45,https://search.dataone.org/view/doi:10.18739/A2HD7NT45,child,resource_map_doi:10.18739/A2HD7NT45,resource_map_doi:10.18739/A24746S42,doi:10.18739/A24746S42,,
doi:10.18739/A2HT2GB80,https://search.dataone.org/view/doi:10.18739/A2HT2GB80,standalone,,,,,
doi:10.18739/A2J38KJ1W,https://search.dataone.org/view/doi:10.18739/A2J38KJ1W,standalone,,,,,
doi:10.18739/A2JD4PQ2F,https://search.dataone.org/view/doi:10.18739/A2JD4PQ2F,child,resource_map_doi:10.18739/A2JD4PQ2F,resource_map_doi:10.18739/A24746S42,doi:10.18739/A24746S42,,
doi:10.18739/A2JW86N3K,https://search.dataone.org/view/doi:10.18739/A2JW86N3K,child,resource_map_doi:10.18739/A2JW86N3K,resource_map_urn:uuid:49e46a3b-9525-4aa0-81a9-9746bbb46b6c,urn:uuid:9629aaed-874a-45e2-b07e-30356795b1c4,,
doi:10.18739/A2JQ0SV9F,https://search.dataone.org/view/doi:10.18739/A2JQ0SV9F,standalone,,,,,
doi:10.18739/A2K931694,https://search.dataone.org/view/doi:10.18739/A2K931694,standalone,,,,,
doi:10.18739/A2K35MD44,https://search.dataone.org/view/doi:10.18739/A2K35MD44,child,resource_map_doi:10.18739/A2K35MD44,resource_map_urn:uuid:19c12630-0dc1-401d-a0d8-aadf031f6ee4,urn:uuid:19c12630-0dc1-401d-a0d8-aadf031f6ee4,,
doi:10.18739/A2K35MD7K,https://search.dataone.org/view/doi:10.18739/A2K35MD7K,standalone,,,,,
doi:10.18739/A2K649S9D,https://search.dataone.org/view/doi:10.18739/A2K649S9D,child,resource_map_doi:10.18739/A2K649S9D,resource_map_urn:uuid:d5fa4cfa-b84b-4970-926a-8dd10b418e6d,urn:uuid:d5fa4cfa-b84b-4970-926a-8dd10b418e6d,,
doi:10.18739/A2N873054,https://search.dataone.org/view/doi:10.18739/A2N873054,standalone,,,,,
doi:10.18739/A2NC5SB93,https://search.dataone.org/view/doi:10.18739/A2NC5SB93,child,resource_map_doi:10.18739/A2NC5SB93,resource_map_urn:uuid:20c31e57-5b90-41a4-8f73-c0edb0547e0e,urn:uuid:2540d6d2-ea15-4b80-b42e-7bb343090af4,,
doi:10.18739/A2NC5SD33,https://search.dataone.org/view/doi:10.18739/A2NC5SD33,child,resource_map_doi:10.18739/A2NC5SD33,resource_map_doi:10.18739/A24746S42,doi:10.18739/A24746S42,,
doi:10.18739/A2M32NB2V,https://search.dataone.org/view/doi:10.18739/A2M32NB2V,standalone,,,,,
doi:10.18739/A2MW28F8G,https://search.dataone.org/view/doi:10.18739/A2MW28F8G,standalone,,,,,
doi:10.18739/A2SB3WZ63,https://search.dataone.org/view/doi:10.18739/A2SB3WZ63,standalone,,,,,
doi:10.18739/A2SX6487H,https://search.dataone.org/view/doi:10.18739/A2SX6487H,child,resource_map_doi:10.18739/A2SX6487H,resource_map_urn:uuid:53f81942-de5c-4a01-9cfb-7355af718ab9,urn:uuid:53f81942-de5c-4a01-9cfb-7355af718ab9,,
doi:10.18739/A2SX64B01,https://search.dataone.org/view/doi:10.18739/A2SX64B01,child,resource_map_doi:10.18739/A2SX64B01,resource_map_doi:10.18739/A24746S42,doi:10.18739/A24746S42,,
doi:10.18739/A2P843W5Z,https://search.dataone.org/view/doi:10.18739/A2P843W5Z,standalone,,,,,
doi:10.18739/A2PN8XF7B,https://search.dataone.org/view/doi:10.18739/A2PN8XF7B,child,resource_map_doi:10.18739/A2PN8XF7B,Êresource_map_urn:uuid:49e46a3b-9525-4aa0-81a9-9746bbb46b6c,urn:uuid:9629aaed-874a-45e2-b07e-30356795b1c4,,
doi:10.18739/A2PV6B711,https://search.dataone.org/view/doi:10.18739/A2PV6B711,standalone,,,,,
doi:10.18739/A2PV6B67G,https://search.dataone.org/view/doi:10.18739/A2PV6B67G,child,resource_map_doi:10.18739/A2PV6B67G,resource_map_urn:uuid:19c12630-0dc1-401d-a0d8-aadf031f6ee4,urn:uuid:19c12630-0dc1-401d-a0d8-aadf031f6ee4,,
doi:10.18739/A2RN30827,https://search.dataone.org/view/doi:10.18739/A2RN30827,standalone,,,,,
doi:10.18739/A2RF5KG0P,https://search.dataone.org/view/doi:10.18739/A2RF5KG0P,standalone,,,,,
doi:10.18739/A2RX93F18,https://search.dataone.org/view/doi:10.18739/A2RX93F18,child,resource_map_doi:10.18739/A2RX93F18,resource_map_doi:10.18739/A24746S42,doi:10.18739/A24746S42,,
doi:10.18739/A2RV0D050,https://search.dataone.org/view/doi:10.18739/A2RV0D050,child,resource_map_doi:10.18739/A2RV0D050,resource_map_doi:10.18739/A2ZW18T1R,doi:10.18739/A2ZW18T1R,,
doi:10.18739/A2Q23R13H,https://search.dataone.org/view/doi:10.18739/A2Q23R13H,standalone,,,,,
doi:10.18739/A2Q52FD6T,https://search.dataone.org/view/doi:10.18739/A2Q52FD6T,child,resource_map_doi:10.18739/A2Q52FD6T,resource_map_doi:10.18739/A24746S42,doi:10.18739/A24746S42,,
doi:10.18739/A2QN5ZC33,https://search.dataone.org/view/doi:10.18739/A2QN5ZC33,standalone,,,,,
doi:10.18739/A2QV3C475,https://search.dataone.org/view/doi:10.18739/A2QV3C475,standalone,,,,,
doi:10.18739/A2WD3Q260,https://search.dataone.org/view/doi:10.18739/A2WD3Q260,standalone,,,,,
doi:10.18739/A2WP9T751,https://search.dataone.org/view/doi:10.18739/A2WP9T751,child,resource_map_doi:10.18739/A2WP9T751,resource_map_doi:10.18739/A24746S42,doi:10.18739/A24746S42,,
doi:10.18739/A2T14TP7R,https://search.dataone.org/view/doi:10.18739/A2T14TP7R,child,resource_map_doi:10.18739/A2T14TP7R,resource_map_urn:uuid:35aebf21-7b33-40af-bfd4-7756886791f4,urn:uuid:c7a4ff98-8a85-43a4-83fe-80762097c441,,
doi:10.18739/A2T14TQ0T,https://search.dataone.org/view/doi:10.18739/A2T14TQ0T,standalone,,,,,
doi:10.18739/A2TH8BM9C,https://search.dataone.org/view/doi:10.18739/A2TH8BM9C,child,resource_map_doi:10.18739/A2TH8BM9C,resource_map_urn:uuid:19c12630-0dc1-401d-a0d8-aadf031f6ee4,urn:uuid:19c12630-0dc1-401d-a0d8-aadf031f6ee4,,
doi:10.18739/A2TD9N870,https://search.dataone.org/view/doi:10.18739/A2TD9N870,standalone,,,,,
doi:10.18739/A2TD9N80M,https://search.dataone.org/view/doi:10.18739/A2TD9N80M,child,resource_map_doi:10.18739/A2TD9N80M,resource_map_urn:uuid:49e46a3b-9525-4aa0-81a9-9746bbb46b6c,urn:uuid:9629aaed-874a-45e2-b07e-30356795b1c4,,
doi:10.18739/A2TP3N,https://search.dataone.org/view/doi:10.18739/A2TP3N,child,resource_map_doi:10.18739/A2TP3N,resource_map_urn:uuid:57c98cb6-64a5-424a-91be-87b35f056d19,urn:uuid:adfe99af-2f46-4ed7-a3c7-87f320d05349,,
doi:10.18739/A2TX35587,https://search.dataone.org/view/doi:10.18739/A2TX35587,MULTINESTING,,,,,
doi:10.18739/A2TT4FT7X,https://search.dataone.org/view/doi:10.18739/A2TT4FT7X,standalone,,,,,
doi:10.18739/A2VD6P577,https://search.dataone.org/view/doi:10.18739/A2VD6P577,standalone,,,,,
doi:10.18739/A2X34MS1B,https://search.dataone.org/view/doi:10.18739/A2X34MS1B,standalone,,,,,
doi:10.18739/A2X63B55J,https://search.dataone.org/view/doi:10.18739/A2X63B55J,child,resource_map_doi:10.18739/A2X63B55J,resource_map_urn:uuid:49e46a3b-9525-4aa0-81a9-9746bbb46b6c,urn:uuid:9629aaed-874a-45e2-b07e-30356795b1c4,,
doi:10.18739/A2XD0QX2F,https://search.dataone.org/view/doi:10.18739/A2XD0QX2F,MULTINESTING,,,,,
doi:10.18739/A2XP6V44S,https://search.dataone.org/view/doi:10.18739/A2XP6V44S,child,resource_map_doi:10.18739/A2XP6V44S,resource_map_doi:10.18739/A24746S42,doi:10.18739/A24746S42,,
doi:10.18739/A2XW47W12,https://search.dataone.org/view/doi:10.18739/A2XW47W12,child,resource_map_doi:10.18739/A2XW47W12,resource_map_urn:uuid:d2775281-3231-47d0-ab79-b2e506ea8d04,urn:uuid:d2775281-3231-47d0-ab79-b2e506ea8d04,,
doi:10.18739/A2XS5JG5P,https://search.dataone.org/view/doi:10.18739/A2XS5JG5P,MULTINESTING,,,,,
doi:10.18739/A2XS5JH54,https://search.dataone.org/view/doi:10.18739/A2XS5JH54,standalone,,,,,
doi:10.18739/A2Z31NP22,https://search.dataone.org/view/doi:10.18739/A2Z31NP22,child,resource_map_doi:10.18739/A2Z31NP22,resource_map_urn:uuid:49e46a3b-9525-4aa0-81a9-9746bbb46b6c,urn:uuid:9629aaed-874a-45e2-b07e-30356795b1c4,,
doi:10.18739/A2Z60C249,https://search.dataone.org/view/doi:10.18739/A2Z60C249,standalone,,,,,
doi:10.18739/A2Z60C319,https://search.dataone.org/view/doi:10.18739/A2Z60C319,standalone,,,,,
doi:10.18739/A2ZC7RV6H,https://search.dataone.org/view/doi:10.18739/A2ZC7RV6H,standalone,,,,,
doi:10.18739/A2ZK55N06,https://search.dataone.org/view/doi:10.18739/A2ZK55N06,standalone,,,,,
doi:10.18739/A2ZP3W02M,https://search.dataone.org/view/doi:10.18739/A2ZP3W02M,MULTINESTING,,,,,
doi:10.18739/A24T6F41M,https://search.dataone.org/view/doi:10.18739/A24T6F41M,child,resource_map_urn:uuid:aa9bd5f4-425d-4ae7-ae3b-d32c690064a6,resource_map_urn:uuid:056abd54-e91b-4c9f-a36a-5adb9db15175,urn:uuid:056abd54-e91b-4c9f-a36a-5adb9db15175,,
doi:10.18739/A25Q4RM6J,https://search.dataone.org/view/doi:10.18739/A25Q4RM6J,standalone,,,,,
doi:10.18739/A2RF5KF5N,https://search.dataone.org/view/doi:10.18739/A2RF5KF5N,WEIRD,,,,,
urn:uuid:0b548a56-aff5-48c6-ae8d-0bc94d954ed1,https://search.dataone.org/view/urn:uuid:0b548a56-aff5-48c6-ae8d-0bc94d954ed1,WEIRD,,,,,
doi:10.18739/A20P0WR72,https://search.dataone.org/view/doi:10.18739/A20P0WR72,WEIRD,,,,,
doi:10.18739/A22J6846K,https://search.dataone.org/view/doi:10.18739/A22J6846K,child,resource_map_doi:10.18739/A22J6846K,resource_map_urn:uuid:35aebf21-7b33-40af-bfd4-7756886791f4,urn:uuid:c7a4ff98-8a85-43a4-83fe-80762097c441,,
doi:10.18739/A2348GG12,https://search.dataone.org/view/doi:10.18739/A2348GG12,standalone,,,,,
doi:10.18739/A2862BC5Z,https://search.dataone.org/view/doi:10.18739/A2862BC5Z,WEIRD,,,,,
doi:10.18739/A29C6S13F,https://search.dataone.org/view/doi:10.18739/A29C6S13F,child,resource_map_doi:10.18739/A29C6S13F,resource_map_urn:uuid:f349ab24-6a0c-4137-bf84-5b1e4ac2ec96,urn:uuid:f349ab24-6a0c-4137-bf84-5b1e4ac2ec96,,
doi:10.18739/A29P2W61J,https://search.dataone.org/view/doi:10.18739/A29P2W61J,child,resource_map_doi:10.18739/A29P2W61J,resource_map_urn:uuid:d5fa4cfa-b84b-4970-926a-8dd10b418e6d,urn:uuid:d5fa4cfa-b84b-4970-926a-8dd10b418e6d,,
doi:10.18739/A2BZ6178M,https://search.dataone.org/view/doi:10.18739/A2BZ6178M,standalone,,,,,
doi:10.18739/A2BZ61825,https://search.dataone.org/view/doi:10.18739/A2BZ61825,standalone,,,,,
doi:10.18739/A2C824D80,https://search.dataone.org/view/doi:10.18739/A2C824D80,standalone,,,,,
doi:10.18739/A2GQ6R21H,https://search.dataone.org/view/doi:10.18739/A2GQ6R21H,standalone,,,,,
doi:10.18739/A2DB7VQ74,https://search.dataone.org/view/doi:10.18739/A2DB7VQ74,standalone,,,,,
doi:10.18739/A2F47GT75,https://search.dataone.org/view/doi:10.18739/A2F47GT75,child,resource_map_doi:10.18739/A2F47GT75,resource_map_urn:uuid:f349ab24-6a0c-4137-bf84-5b1e4ac2ec96,urn:uuid:f349ab24-6a0c-4137-bf84-5b1e4ac2ec96,,
doi:10.18739/A2FF3M05P,https://search.dataone.org/view/doi:10.18739/A2FF3M05P,child,resource_map_doi:10.18739/A2FF3M05P,resource_map_urn:uuid:d5fa4cfa-b84b-4970-926a-8dd10b418e6d,urn:uuid:d5fa4cfa-b84b-4970-926a-8dd10b418e6d,,
doi:10.18739/A2FQ9Q52R,https://search.dataone.org/view/doi:10.18739/A2FQ9Q52R,standalone,,,,,
doi:10.18739/A2FX73Z7B,https://search.dataone.org/view/doi:10.18739/A2FX73Z7B,standalone,,,,,
doi:10.18739/A2KH0DZ5J,https://search.dataone.org/view/doi:10.18739/A2KH0DZ5J,standalone,,,,,
doi:10.18739/A2MG7FW84,https://search.dataone.org/view/doi:10.18739/A2MG7FW84,WEIRD,,,,,
doi:10.18739/A2WD3Q23J,https://search.dataone.org/view/doi:10.18739/A2WD3Q23J,standalone,,,,,
doi:10.18739/A2V11VK4J,https://search.dataone.org/view/doi:10.18739/A2V11VK4J,standalone,,,,,
doi:10.18739/A2VQ2SB5B,https://search.dataone.org/view/doi:10.18739/A2VQ2SB5B,standalone,,,,,
doi:10.18739/A2VX0642G,https://search.dataone.org/view/doi:10.18739/A2VX0642G,WEIRD,,,,,
doi:10.18739/A2X921K1X,https://search.dataone.org/view/doi:10.18739/A2X921K1X,standalone,,,,,
doi:10.18739/A20000151,https://search.dataone.org/view/doi:10.18739/A20000151,standalone,,,,,
doi:10.18739/A23N20D56,https://search.dataone.org/view/doi:10.18739/A23N20D56,child,resource_map_doi:10.18739/A23N20D56,resource_map_urn:uuid:b50cdf62-f316-4d1b-9626-0d4d1e6b870c,urn:uuid:b50cdf62-f316-4d1b-9626-0d4d1e6b870c,,
doi:10.18739/A2058X,https://search.dataone.org/view/doi:10.18739/A2058X,child,resource_map_doi:10.18739/A2058X,resource_map_urn:uuid:b50cdf62-f316-4d1b-9626-0d4d1e6b870c,urn:uuid:b50cdf62-f316-4d1b-9626-0d4d1e6b870c,,
doi:10.18739/A22Z9V,https://search.dataone.org/view/doi:10.18739/A22Z9V,child,resource_map_doi:10.18739/A22Z9V,resource_map_urn:uuid:b50cdf62-f316-4d1b-9626-0d4d1e6b870c,urn:uuid:b50cdf62-f316-4d1b-9626-0d4d1e6b870c,,
doi:10.18739/A27D2Q702,https://search.dataone.org/view/doi:10.18739/A27D2Q702,child,resource_map_doi:10.18739/A27D2Q702,resource_map_urn:uuid:b50cdf62-f316-4d1b-9626-0d4d1e6b870c,urn:uuid:b50cdf62-f316-4d1b-9626-0d4d1e6b870c,,
doi:10.18739/A2429H,https://search.dataone.org/view/doi:10.18739/A2429H,child,resource_map_doi:10.18739/A2429H,resource_map_urn:uuid:b50cdf62-f316-4d1b-9626-0d4d1e6b870c,urn:uuid:b50cdf62-f316-4d1b-9626-0d4d1e6b870c,,
doi:10.18739/A26W00,https://search.dataone.org/view/doi:10.18739/A26W00,child,resource_map_doi:10.18739/A26W00,resource_map_urn:uuid:b50cdf62-f316-4d1b-9626-0d4d1e6b870c,urn:uuid:b50cdf62-f316-4d1b-9626-0d4d1e6b870c,,
doi:10.18739/A2CF9J637,https://search.dataone.org/view/doi:10.18739/A2CF9J637,standalone,,,,,
doi:10.18739/A2BP39,https://search.dataone.org/view/doi:10.18739/A2BP39,child,resource_map_doi:10.18739/A2BP39,resource_map_urn:uuid:b50cdf62-f316-4d1b-9626-0d4d1e6b870c,urn:uuid:b50cdf62-f316-4d1b-9626-0d4d1e6b870c,,
doi:10.18739/A2C53F146,https://search.dataone.org/view/doi:10.18739/A2C53F146,child,resource_map_doi:10.18739/A2C53F146,resource_map_urn:uuid:b50cdf62-f316-4d1b-9626-0d4d1e6b870c,urn:uuid:b50cdf62-f316-4d1b-9626-0d4d1e6b870c,,
doi:10.18739/A2GK4W,https://search.dataone.org/view/doi:10.18739/A2GK4W,child,resource_map_doi:10.18739/A2GK4W,resource_map_urn:uuid:b50cdf62-f316-4d1b-9626-0d4d1e6b870c,urn:uuid:b50cdf62-f316-4d1b-9626-0d4d1e6b870c,,
doi:10.18739/A2DZ0322N,https://search.dataone.org/view/doi:10.18739/A2DZ0322N,standalone,,,,,
doi:10.18739/A2G44HR3X,https://search.dataone.org/view/doi:10.18739/A2G44HR3X,standalone,,,,,
doi:10.18739/A2K586,https://search.dataone.org/view/doi:10.18739/A2K586,child,resource_map_doi:10.18739/A2K586,,resource_map_urn:uuid:b50cdf62-f316-4d1b-9626-0d4d1e6b870c,urn:uuid:b50cdf62-f316-4d1b-9626-0d4d1e6b870c,
doi:10.18739/A2M28G,https://search.dataone.org/view/doi:10.18739/A2M28G,child,resource_map_doi:10.18739/A2M28G,resource_map_urn:uuid:b50cdf62-f316-4d1b-9626-0d4d1e6b870c,urn:uuid:b50cdf62-f316-4d1b-9626-0d4d1e6b870c,,
doi:10.18739/A2ST7DX5Q,https://search.dataone.org/view/doi:10.18739/A2ST7DX5Q,child,resource_map_urn:uuid:33ed3078-c209-4957-8fdb-23465ea309ed,resource_map_doi:10.18739/A2CR5ND3R,doi:10.18739/A2CR5ND3R,,
doi:10.18739/A2PG1HN9N,https://search.dataone.org/view/doi:10.18739/A2PG1HN9N,standalone,,,,,
doi:10.18739/A2PK4R,https://search.dataone.org/view/doi:10.18739/A2PK4R,standalone,,,,,
doi:10.18739/A2R20RW3W,https://search.dataone.org/view/doi:10.18739/A2R20RW3W,standalone,,,,,
doi:10.18739/A2QK3P,https://search.dataone.org/view/doi:10.18739/A2QK3P,child,resource_map_doi:10.18739/A2QK3P,resource_map_urn:uuid:b50cdf62-f316-4d1b-9626-0d4d1e6b870c,urn:uuid:b50cdf62-f316-4d1b-9626-0d4d1e6b870c,,
doi:10.18739/A2T86N,https://search.dataone.org/view/doi:10.18739/A2T86N,child,resource_map_doi:10.18739/A2T86N,resource_map_urn:uuid:b50cdf62-f316-4d1b-9626-0d4d1e6b870c,urn:uuid:b50cdf62-f316-4d1b-9626-0d4d1e6b870c,,
doi:10.18739/A2ZG5K,https://search.dataone.org/view/doi:10.18739/A2ZG5K,child,resource_map_doi:10.18739/A2ZG5K,resource_map_urn:uuid:b50cdf62-f316-4d1b-9626-0d4d1e6b870c,urn:uuid:b50cdf62-f316-4d1b-9626-0d4d1e6b870c,,
doi:10.18739/A2ZW18S0T,https://search.dataone.org/view/doi:10.18739/A2ZW18S0T,child,resource_map_doi:10.18739/A2ZW18S0T,resource_map_urn:uuid:b50cdf62-f316-4d1b-9626-0d4d1e6b870c,urn:uuid:b50cdf62-f316-4d1b-9626-0d4d1e6b870c,,
doi:10.18739/A2222R58F,https://search.dataone.org/view/doi:10.18739/A2222R58F,child,,,,,
doi:10.18739/A26D5PB4R,https://search.dataone.org/view/doi:10.18739/A26D5PB4R,standalone,,,,,
doi:10.18739/A25Q4RM0N,https://search.dataone.org/view/doi:10.18739/A25Q4RM0N,child,resource_map_doi:10.18739/A25Q4RM0N,resource_map_doi:10.18739/A2Z60C21V,doi:10.18739/A2Z60C21V,,
doi:10.18739/A2833N00P,https://search.dataone.org/view/doi:10.18739/A2833N00P,child,resource_map_doi:10.18739/A2833N00P,resource_map_doi:10.18739/A24B2X56X,doi:10.18739/A24B2X56X,,
doi:10.18739/A2CC0TT40,https://search.dataone.org/view/doi:10.18739/A2CC0TT40,standalone,,,,,
doi:10.18739/A2CF9J66P,https://search.dataone.org/view/doi:10.18739/A2CF9J66P,standalone,,,,,
doi:10.18739/A2CV4BS43,https://search.dataone.org/view/doi:10.18739/A2CV4BS43,child,resource_map_doi:10.18739/A2CV4BS43,resource_map_doi:10.18739/A24B2X56X,doi:10.18739/A24B2X56X,,
doi:10.18739/A2HM52K87,https://search.dataone.org/view/doi:10.18739/A2HM52K87,child,resource_map_doi:10.18739/A2HM52K87,resource_map_doi:10.18739/A24B2X56X,doi:10.18739/A24B2X56X,,
doi:10.18739/A2N58CM7T,https://search.dataone.org/view/doi:10.18739/A2N58CM7T,child,resource_map_doi:10.18739/A2N58CM7T,resource_map_doi:10.18739/A24746S42,doi:10.18739/A24746S42,,
doi:10.18739/A2MP4VN5F,https://search.dataone.org/view/doi:10.18739/A2MP4VN5F,WEIRD,,,,is a parent but the child is the same,
doi:10.18739/A2X921J4X,https://search.dataone.org/view/doi:10.18739/A2X921J4X,child,resource_map_doi:10.18739/A2X921J4X,resource_map_doi:10.18739/A2Z60C21V,doi:10.18739/A2Z60C21V,,
doi:10.18739/A2DR2P88Z,https://search.dataone.org/view/doi:10.18739/A2DR2P88Z,child,resource_map_urn:uuid:a473d62b-6b64-4575-bc16-b60afcdd4d97,resource_map_doi:10.18739/A2J09W52H,doi:10.18739/A2J09W52H,,
doi:10.18739/A2X921K3W,https://search.dataone.org/view/doi:10.18739/A2X921K3W,child,resource_map_doi:10.18739/A2X921K3W,resource_map_doi:10.18739/A2J09W52H,doi:10.18739/A2J09W52H,,
doi:10.18739/A22J68504,https://search.dataone.org/view/doi:10.18739/A22J68504,standalone,,,,,
doi:10.18739/A20G3GZ7V,https://search.dataone.org/view/doi:10.18739/A20G3GZ7V,child,resource_map_urn:uuid:ded0ca47-2e19-4eb6-bf50-597d71416ea7,resource_map_urn:uuid:056abd54-e91b-4c9f-a36a-5adb9db15175,urn:uuid:056abd54-e91b-4c9f-a36a-5adb9db15175,,
doi:10.18739/A22Z12P9Z,https://search.dataone.org/view/doi:10.18739/A22Z12P9Z,WEIRD,,,,,
doi:10.18739/A20V89H7N,https://search.dataone.org/view/doi:10.18739/A20V89H7N,MULTINESTING,,,,,
doi:10.18739/A22664,https://search.dataone.org/view/doi:10.18739/A22664,MULTINESTING,,,,,
doi:10.18739/A21V5BF0Z,https://search.dataone.org/view/doi:10.18739/A21V5BF0Z,standalone,,,,,
doi:10.18739/A2396G,https://search.dataone.org/view/doi:10.18739/A2396G,MULTINESTING,,,,,
doi:10.18739/A27W9Q,https://search.dataone.org/view/doi:10.18739/A27W9Q,MULTINESTING,,,,,
doi:10.18739/A24674,https://search.dataone.org/view/doi:10.18739/A24674,MULTINESTING,,,,,
doi:10.18739/A24M91B2W,https://search.dataone.org/view/doi:10.18739/A24M91B2W,MULTINESTING,,,,,
doi:10.18739/A29W9B,https://search.dataone.org/view/doi:10.18739/A29W9B,MULTINESTING,,,,,
doi:10.18739/A2CQ2K,https://search.dataone.org/view/doi:10.18739/A2CQ2K,MULTINESTING,,,,,
doi:10.18739/A2BT1X,https://search.dataone.org/view/doi:10.18739/A2BT1X,MULTINESTING,,,,,
doi:10.18739/A2GM3V,https://search.dataone.org/view/doi:10.18739/A2GM3V,MULTINESTING,,,,,
doi:10.18739/A2GX44V3N,https://search.dataone.org/view/doi:10.18739/A2GX44V3N,child,resource_map_urn:uuid:9812cb05-be1a-48e2-9559-e402e8ecc0d5,resource_map_doi:10.18739/A20000132,doi:10.18739/A20000132,,
doi:10.18739/A2FM25,https://search.dataone.org/view/doi:10.18739/A2FM25,MULTINESTING,,,,,
doi:10.18739/A2KD43,https://search.dataone.org/view/doi:10.18739/A2KD43,child,resource_map_doi:10.18739/A2KD43,resource_map_doi:10.18739/A23R0PT92,doi:10.18739/A23R0PT92,,
doi:10.18739/A2VQ2X,https://search.dataone.org/view/doi:10.18739/A2VQ2X,child,resource_map_doi:10.18739/A2VQ2X,resource_map_doi:10.18739/A2QX00,doi:10.18739/A2QX00,,
doi:10.18739/A2ZM2T,https://search.dataone.org/view/doi:10.18739/A2ZM2T,child,resource_map_doi:10.18739/A2ZM2T,resource_map_doi:10.18739/A20000132,doi:10.18739/A20000132,,
urn:uuid:d5243503-9ffe-42e8-b5b1-330edc000cdd,https://search.dataone.org/view/urn:uuid:d5243503-9ffe-42e8-b5b1-330edc000cdd,WEIRD,,,,,
doi:10.18739/A21G0HV2P,https://search.dataone.org/view/doi:10.18739/A21G0HV2P,WEIRD,,,,,
doi:10.18739/A2CN6Z10F,https://search.dataone.org/view/doi:10.18739/A2CN6Z10F,child,resource_map_doi:10.18739/A2CN6Z10F,resource_map_doi:10.18739/A27W67662,doi:10.18739/A27W67662,,
urn:uuid:3c55fe83-77a8-4631-8f03-62f49eced59d,https://search.dataone.org/view/urn:uuid:3c55fe83-77a8-4631-8f03-62f49eced59d,WEIRD,,,,,
doi:10.18739/A29W09014,https://search.dataone.org/view/doi:10.18739/A29W09014,child,resource_map_urn:uuid:76469472-0cde-4b78-8e0f-4454d4f80f52,resource_map_doi:10.18739/A22R3NX7V,doi:10.18739/A22R3NX7V,,
doi:10.18739/A2F18SF5B,https://search.dataone.org/view/doi:10.18739/A2F18SF5B,standalone,,,,,
doi:10.18739/A2G15TB62,https://search.dataone.org/view/doi:10.18739/A2G15TB62,child,resource_map_urn:uuid:4e899b33-cfcb-4db5-8552-abbb65a23d57,Êresource_map_doi:10.18739/A2JW86N80,doi:10.18739/A2JW86N80,,
doi:10.18739/A2KP7TS1Q,https://search.dataone.org/view/doi:10.18739/A2KP7TS1Q,standalone,,,,,
doi:10.18739/A2H12V77S,https://search.dataone.org/view/doi:10.18739/A2H12V77S,child,resource_map_urn:uuid:4cb035cf-5e1e-4b4b-8134-d2b423b5cc4d,resource_map_doi:10.18739/A2JW86N80,doi:10.18739/A2JW86N80,,
doi:10.18739/A2NC5SD2M,https://search.dataone.org/view/doi:10.18739/A2NC5SD2M,standalone,,,,,
doi:10.18739/A2PC2T79B,https://search.dataone.org/view/doi:10.18739/A2PC2T79B,child,resource_map_doi:10.18739/A2PC2T79B,resource_map_urn:uuid:20c31e57-5b90-41a4-8f73-c0edb0547e0e,urn:uuid:2540d6d2-ea15-4b80-b42e-7bb343090af4,,
doi:10.18739/A2PK0723G,https://search.dataone.org/view/doi:10.18739/A2PK0723G,WEIRD,,,,,
doi:10.18739/A2QJ77Z5Q,https://search.dataone.org/view/doi:10.18739/A2QJ77Z5Q,child,resource_map_urn:uuid:643dac9d-72ea-4596-8f22-b9cf5704ea4f,resource_map_doi:10.18739/A2JW86N80,doi:10.18739/A2JW86N80,,
doi:10.18739/A2QF8JK5V,https://search.dataone.org/view/doi:10.18739/A2QF8JK5V,standalone,,,,,
doi:10.18739/A2X921J5D,https://search.dataone.org/view/doi:10.18739/A2X921J5D,standalone,,,,,
doi:10.18739/A29K45S2P,https://search.dataone.org/view/doi:10.18739/A29K45S2P,child,resource_map_doi:10.18739/A29K45S2P,resource_map_urn:uuid:57c98cb6-64a5-424a-91be-87b35f056d19,urn:uuid:adfe99af-2f46-4ed7-a3c7-87f320d05349,,
doi:10.18739/A2S46H68Q,https://search.dataone.org/view/doi:10.18739/A2S46H68Q,standalone,,,,,
doi:10.18739/A29S1KK98,https://search.dataone.org/view/doi:10.18739/A29S1KK98,child,resource_map_urn:uuid:bae72762-ebb6-420d-afb5-7ecf39aa6753,resource_map_doi:10.18739/A2CR5ND3R,doi:10.18739/A2CR5ND3R,,
doi:10.18739/A2N873105,https://search.dataone.org/view/doi:10.18739/A2N873105,standalone,,,,,
doi:10.18739/A2P55DH2N,https://search.dataone.org/view/doi:10.18739/A2P55DH2N,child,resource_map_urn:uuid:3388a488-67f3-4a75-bccb-cdde41d4529a,resource_map_doi:10.18739/A2CR5ND3R,doi:10.18739/A2CR5ND3R,,
doi:10.18739/A2Q814S37,https://search.dataone.org/view/doi:10.18739/A2Q814S37,standalone,,,,,
doi:10.18739/A2V11VK6H,https://search.dataone.org/view/doi:10.18739/A2V11VK6H,standalone,,,,,
doi:10.18739/A25X25C75,https://search.dataone.org/view/doi:10.18739/A25X25C75,child,resource_map_doi:10.18739/A25X25C75,,urn:uuid:f15a5940-e5b7-45d8-8019-b85186eec4a1,,
doi:10.18739/A20V89H5P,https://search.dataone.org/view/doi:10.18739/A20V89H5P,child,resource_map_doi:10.18739/A20V89H5P,,urn:uuid:c4ff81bd-4f7a-4ce3-b0d3-f7b594693dcd,,
doi:10.18739/A20863604,https://search.dataone.org/view/doi:10.18739/A20863604,standalone,,,,,
doi:10.18739/A2183432B,https://search.dataone.org/view/doi:10.18739/A2183432B,standalone,,,,,
doi:10.18739/A27S7HS9S,https://search.dataone.org/view/doi:10.18739/A27S7HS9S,standalone,,,,,
doi:10.18739/A2416T05C,https://search.dataone.org/view/doi:10.18739/A2416T05C,standalone,,,,,
doi:10.18739/A2513TW6P,https://search.dataone.org/view/doi:10.18739/A2513TW6P,standalone,,,,,
doi:10.18739/A28S4JQ04,https://search.dataone.org/view/doi:10.18739/A28S4JQ04,standalone,,,,,
doi:10.18739/A2CJ87M3J,https://search.dataone.org/view/doi:10.18739/A2CJ87M3J,standalone,,,,,
doi:10.18739/A2GB1XH7M,https://search.dataone.org/view/doi:10.18739/A2GB1XH7M,standalone,,,,,
doi:10.18739/A2FB4WM7C,https://search.dataone.org/view/doi:10.18739/A2FB4WM7C,standalone,,,,,
doi:10.18739/A2H98ZD6T,https://search.dataone.org/view/doi:10.18739/A2H98ZD6T,standalone,,,,,
doi:10.18739/A2K35MF14,https://search.dataone.org/view/doi:10.18739/A2K35MF14,standalone,,,,,
doi:10.18739/A2N00ZT88,https://search.dataone.org/view/doi:10.18739/A2N00ZT88,standalone,,,,,
doi:10.18739/A2M32NB0W,https://search.dataone.org/view/doi:10.18739/A2M32NB0W,standalone,,,,,
doi:10.18739/A2PV6B74G,https://search.dataone.org/view/doi:10.18739/A2PV6B74G,standalone,,,,,
doi:10.18739/A2RR1PN17,https://search.dataone.org/view/doi:10.18739/A2RR1PN17,standalone,,,,,
doi:10.18739/A2QR4NR2G,https://search.dataone.org/view/doi:10.18739/A2QR4NR2G,standalone,,,,,
doi:10.18739/A2WH2DF6V,https://search.dataone.org/view/doi:10.18739/A2WH2DF6V,standalone,,,,,
doi:10.18739/A2TH8BN6C,https://search.dataone.org/view/doi:10.18739/A2TH8BN6C,standalone,,,,,
doi:10.18739/A2VH5CJ54,https://search.dataone.org/view/doi:10.18739/A2VH5CJ54,standalone,,,,,
doi:10.18739/A2Z892F91,https://search.dataone.org/view/doi:10.18739/A2Z892F91,standalone,,,,,
doi:10.18739/A2QB9V561,https://search.dataone.org/view/doi:10.18739/A2QB9V561,standalone,,,,,
doi:10.18739/A2PC2T86B,https://search.dataone.org/view/doi:10.18739/A2PC2T86B,child,resource_map_doi:10.18739/A2PC2T86B,resource_map_urn:uuid:35aebf21-7b33-40af-bfd4-7756886791f4,urn:uuid:c7a4ff98-8a85-43a4-83fe-80762097c441,,
urn:uuid:c5d13183-0e4f-4008-9492-b53b2cd40a26,https://search.dataone.org/view/urn:uuid:c5d13183-0e4f-4008-9492-b53b2cd40a26,child,resource_map_urn:uuid:c5d13183-0e4f-4008-9492-b53b2cd40a26,resource_map_urn:uuid:ec4f122b-876f-4e33-818c-2c91e7a2488f,urn:uuid:6f5533ab-6508-4ac7-82a3-1df88ed4580e.,,
doi:10.18739/A2X34MS0V,https://search.dataone.org/view/doi:10.18739/A2X34MS0V,standalone,,,,,
doi:10.18739/A2C53F20Q,https://search.dataone.org/view/doi:10.18739/A2C53F20Q,standalone,,,,,
doi:10.18739/A2KQ3T,https://search.dataone.org/view/doi:10.18739/A2KQ3T,child,resource_map_urn:uuid:d70c735a-1e30-4c52-a870-e3c1447d5369,urn:uuid:d70c735a-1e30-4c52-a870-e3c1447d5369,,,
doi:10.18739/A2J678X46,https://search.dataone.org/view/doi:10.18739/A2J678X46,child,resource_map_urn:uuid:06d4ec5e-a422-4369-8c5d-4262802aa75c,resource_map_doi:10.18739/A2HD7NT3P,doi:10.18739/A2HD7NT3P,,
doi:10.18739/A2NK3652R,https://search.dataone.org/view/doi:10.18739/A2NK3652R,child,resource_map_doi:10.18739/A2NK3652R,resource_map_urn:uuid:5bbdcb0f-4106-49e6-ba60-777e66fe6cdf,urn:uuid:7306f6a5-42e5-45dd-96b4-21e0471fdbf2,,
doi:10.18739/A2R20RW89,https://search.dataone.org/view/doi:10.18739/A2R20RW89,standalone,,,,,
doi:10.18739/A2TM7216N,https://search.dataone.org/view/doi:10.18739/A2TM7216N,standalone,,,,,
doi:10.18739/A2V97ZS31,https://search.dataone.org/view/doi:10.18739/A2V97ZS31,standalone,,,,,
urn:uuid:2ac51da5-605e-43a1-9749-9bce30af0c5f,https://search.dataone.org/view/urn:uuid:2ac51da5-605e-43a1-9749-9bce30af0c5f,WEIRD,,,,,
doi:10.18739/A28911Q99,https://search.dataone.org/view/doi:10.18739/A28911Q99,standalone,,,,,
doi:10.18739/A2280504J,https://search.dataone.org/view/doi:10.18739/A2280504J,standalone,,,,,